material,ponto_pedido,unidade,categoria,descricao_fornecedor,qtd_minima,multiplicador,valor_unitario,catmat
PAPEL HIGIÊNICO (PACOTE C/ 12 ROLOS),30,un,Produto de limpeza,,,,,
SACO PLASTICO 40LT,30,un,Produto de limpeza,,,,,
PANO LIMPEZA,30,un,Produto de limpeza,,,,,
DESINFETANTE LIQUIDO EMBALAGEM 1 LI,30,un,Produto de limpeza,,,,,
DETERGENTE LIQUIDO 500 ML,30,un,Produto de limpeza,"DETERGENTE LÍQUIDO NEUTRO CONCENTRADO PARA LAVAGEM MANUAL DE LOUÇAS E UTENSÍLIOS DE COZINHA, COM ALTO PODER DESENGORDURANTE, BIODEGRADÁVEL, CONTENDO TENSOATIVOS ANIÔNICOS BIODEGRADÁVEIS, TEOR MÍNIMO DE ATIVOS DE 8%, PH ENTRE 6,0 E 8,0, VISCOSIDADE MÍNIMA DE 200 CP, COM BOA FORMAÇÃO DE ESPUMA E ALTO RENDIMENTO. O PRODUTO NÃO PODERÁ APRESENTAR ASPECTO EXCESSIVAMENTE AQUOSO. EMBALAGEM PLÁSTICA RESISTENTE DE 500 ML, COM TAMPA DOSADORA E ROTULAGEM CONFORME LEGISLAÇÃO VIGENTE. PRODUTO REGISTRADO OU NOTIFICADO NA AGÊNCIA NACIONAL DE VIGILÂNCIA SANITÁRIA (ANVISA), COM VALIDADE MÍNIMA DE 12 MESES NA DATA DA ENTREGA.",100,3,1.87,
AGUA SANITÁRIA 1L,30,un,Produto de limpeza,"LIMPADOR MULTIUSO, TIPO VEJA MULTIUSO, FRASCO COM 500 ML - LIMPADOR PARA USO TANTO NA PARTE EXTERNA COMO NAS ÁREAS INTERNAS, REMOVE GORDURAS DA COZINHA E SUJEIRAS DA SALA E DO BANHEIRO, ALÉM DE MANCHAS DE ÓLEO, RISCO DE LÁPIS, MARCAS DE DEDOS, POEIRA.",100,3,1.87,
DESINFETANTE BIO-KRISS MULTIUSO 500ML,30,un,Produto de limpeza,"LIMPADOR MULTIUSO, TIPO VEJA MULTIUSO, FRASCO COM 500 ML - LIMPADOR PARA USO TANTO NA PARTE EXTERNA COMO NAS ÁREAS INTERNAS, REMOVE GORDURAS DA COZINHA E SUJEIRAS DA SALA E DO BANHEIRO, ALÉM DE MANCHAS DE ÓLEO, RISCO DE LÁPIS, MARCAS DE DEDOS, POEIRA.",100,1,2.72,
SABAO EM PO 1KG,30,un,Produto de limpeza,,,,,
VASSOURA DE PELO SINTETICO,30,un,Produto de limpeza,,,,,
SACO PLASTICO 100LT,30,un,Produto de limpeza,,,,,
Envelope pardo 162x229MM,30,un,Escritório,,,,,
PAPEL A4 BRANCO 210X297 RESMA DE 500,30,un,Escritório,,,,,
Cola plástica 90g,30,un,Escritório,,,,,
Caneta esferográfica preta,30,un,Escritório,,,,,
Borracha escolar branca,30,un,Escritório,,,,,
Tesoura 21 cm,30,un,Escritório,,,,,
Cinza piso 18L,30,un,Prefeitura,,,,,
Fita zebrada,30,un,Prefeitura,,,,,
Lacre,30,un,Escritório,,,,,
Branco 18L,30,un,Prefeitura,,,,,
Saco de lixo 200 L,30,un,Produto de limpeza,,,,,
ALCOOL ETILICO 70% 1L,30,un,Produto de limpeza,"ÀLCOOL ETÍLICO LIMPEZA DE AMBIENTES, TIPO ETÍLICO HIDRATADO, APLICAÇÃO LIMPEZA, CONCENTRAÇÃO 92,8¨INPM (1 LITRO).",100,1,9.88,
LIMPA VIDROS 500ML,30,un,Produto de limpeza,"DETERGENTE LÍQUIDO NEUTRO CONCENTRADO PARA LAVAGEM MANUAL DE LOUÇAS E UTENSÍLIOS DE COZINHA, COM ALTO PODER DESENGORDURANTE, BIODEGRADÁVEL, CONTENDO TENSOATIVOS ANIÔNICOS BIODEGRADÁVEIS, TEOR MÍNIMO DE ATIVOS DE 8%, PH ENTRE 6,0 E 8,0, VISCOSIDADE MÍNIMA DE 200 CP, COM BOA FORMAÇÃO DE ESPUMA E ALTO RENDIMENTO. O PRODUTO NÃO PODERÁ APRESENTAR ASPECTO EXCESSIVAMENTE AQUOSO. EMBALAGEM PLÁSTICA RESISTENTE DE 500 ML, COM TAMPA DOSADORA E ROTULAGEM CONFORME LEGISLAÇÃO VIGENTE. PRODUTO REGISTRADO OU NOTIFICADO NA AGÊNCIA NACIONAL DE VIGILÂNCIA SANITÁRIA (ANVISA), COM VALIDADE MÍNIMA DE 12 MESES NA DATA DA ENTREGA.",100,1,9.88,
LUSTRA MOVEIS 200ML,30,un,Produto de limpeza,,,,,
ESPONJA DUPLA FACE,30,un,Produto de limpeza,,,,,
DESINFETANTE LÍQUIDO 5LITROS,30,un,Produto de limpeza,"DESINFETANTE - DESINFETANTE PRINCÍPIO ATIVO: CLORETO ALQUIL DIMETIL BENZIL AMÔNIO , FORMA FÍSICA: SOLUÇÃO AQUOSA , TEOR ATIVO: 0,75% (P/P) EMABALEM MINIMA 2L",100,3,4.28,
PEDRA SANITÁRIA,30,un,Produto de limpeza,,,,,
PAPEL HIGIÊNICO (PACOTE C/ 04 ROLOS),30,un,Produto de limpeza,,,,,
PAPEL TOALHA INTERFOLHADO FOLHA DUPLA un,30,un,Produto de limpeza,,,,,
Caneta marcador de texto amarelo,30,un,Escritório,,,,,
Pincel atômico vermelho,30,un,Prefeitura,,,,,
Caneta esferográfica azul,30,un,Escritório,,,,,
Prendedor de papel 32MM,30,un,Escritório,,,,,
Livro ATA Capa dura com 100Fls,30,un,Escritório,,,,,
SABONETE LÍQUIDO 500ML,30,un,Produto de limpeza,,,,,
ALCOOL GEL 500ML,30,un,Produto de limpeza,,,,,
SACO PLÁSTICO PARA LIXO 50 LITROS,30,un,Produto de limpeza,,,,,
RODO DE BORRACHA TAMANHO 60CM,30,un,Produto de limpeza,,,,,
PÁ PARA LIXO PEQUENA,30,un,Produto de limpeza,,,,,
Grampeador p/papel,30,un,Escritório,,,,,
Caneta esferográfica vermelha,30,un,Escritório,,,,,
Grampo p/ grampeador 26/06,30,un,Escritório,,,,,
PAPEL TOALHA BRANCO,30,un,Produto de limpeza,,,,,
TOUCA C/100UN,30,un,Produto de limpeza,,,,,
LUVA P/PROCEDIMENTOS NÃO CIRÚGICO CX100,30,un,Produto de limpeza,,,,,
PANO PERFEX,30,un,Produto de limpeza,,,,,
ODORIZANTE DE AMBIENTES,30,un,Produto de limpeza,,,,,
BALDE PLASTICO 10 LI P/LIMPEZA,30,un,Produto de limpeza,,,,,
Desinfetante Líquido Embalagem 2L,30,un,Produto de limpeza,,,,,
Esponja de aço,30,un,Produto de limpeza,"DESINFETANTE - DESINFETANTE PRINCÍPIO ATIVO: CLORETO ALQUIL DIMETIL BENZIL AMÔNIO , FORMA FÍSICA: SOLUÇÃO AQUOSA , TEOR ATIVO: 0,75% (P/P) EMABALEM MINIMA 2L",,,,
LUVA DE LATEX FORRADA PARA LIMPEZA,30,un,Produto de limpeza,,,,,
Desinfetante liquido embalagem 2L,30,un,Produto de limpeza,,,,,
SACO PLASTICO 60LT,30,un,Produto de limpeza,,,,,
Grampo p/ grampeador 26/6,30,un,Escritório,,,,,
Prendedor de papel 41MM,30,un,Escritório,,,,,
Clips NR 6,30,un,Escritório,,,,,
Vassoura piaçava,30,un,Produto de limpeza,,,,,
Pincel atomico vermelho,30,un,Prefeitura,,,,,
Pasta p/ arquivo suspenso,30,un,Escritório,,,,,
Pasta cartolina com grampo trilho,30,un,Escritório,,,,,
Bucha,30,un,Prefeitura,,,,,
Papel ofício,30,un,Escritório,,,,,
Clips N2,30,un,Escritório,,,,,
Clips N4,30,un,Escritório,,,,,
Pasta arquivo morto,30,un,Escritório,,,,,
Livro de protocolo,30,un,Escritório,,,,,
Grampo p/ grampeador 23/13,30,un,Escritório,,,,,
Botina,30,un,Produto de limpeza,,,,,
POLIDOR  DE METAIS 200ML,30,un,Produto de limpeza,,,,,
Envelope pardo 325x450MM,30,un,Escritório,,,,,
