produto,un,categoria,codigo_barras,ponto_pedido,saldo
PAPEL HIGIÊNICO (PACOTE C/ 12 ROLOS),un,Produto de limpeza,,,70
SACO PLASTICO 40LT,un,Produto de limpeza,,,14443
PANO LIMPEZA,un,Produto de limpeza,,,5723
DESINFETANTE LIQUIDO EMBALAGEM 1 LI,un,Produto de limpeza,,,0
DETERGENTE LIQUIDO 500 ML,un,Produto de limpeza,7898960353495,,906
AGUA SANITÁRIA 1L,un,Produto de limpeza,,,0
DESINFETANTE BIO-KRISS MULTIUSO 500ML,un,Produto de limpeza,,,796
SABAO EM PO 1KG,un,Produto de limpeza,7898969079457,,370
VASSOURA DE PELO SINTETICO,un,Produto de limpeza,,,15
SACO PLASTICO 100LT,un,Produto de limpeza,,,22745
Envelope pardo 162 x 229MM,un,Escritório,,,692
PAPEL A4 BRANCO 210X297 RESMA DE 500,resma,Escritório,,,550
Cola plástica 90g,un,Escritório,,,349
Caneta esferográfica preta,un,Escritório,,,0
Borracha escolar branca,un,Escritório,,,49
Tesoura 21 cm,un,Escritório,,,28
Cinza piso 18L,un,Prefeitura,,,10
Fita zebrada,un,Prefeitura,,,34
Lacre,un,Escritório,,,799
Branco 18L,un,Prefeitura,,,68
Saco de lixo 200 L,un,Produto de limpeza,,,0
ALCOOL ETILICO 70% 1L,un,Produto de limpeza,,,497
LIMPA VIDROS 500ML,un,Produto de limpeza,7899449497082,,7
LUSTRA MOVEIS 200ML,un,Produto de limpeza,,,57
ESPONJA DUPLA FACE,un,Produto de limpeza,,,5
DESINFETANTE LÍQUIDO 5LITROS,un,Produto de limpeza,,,84
PEDRA SANITÁRIA,un,Produto de limpeza,,,498
PAPEL HIGIÊNICO (PACOTE C/ 04 ROLOS),un,Produto de limpeza,,,313
PAPEL TOALHA INTERFOLHADO FOLHA DUPLA,un,Produto de limpeza,,,300
Caneta marcador de texto amarelo,un,Escritório,,,300
Pincel atômico vermelho,un,Prefeitura,,,64
Caneta esferográfica azul,un,Escritório,,,1500
Prendedor de papel 32MM,un,Escritório,,,21
Livro ATA Capa dura com 100Fls,un,Escritório,,,31
SABONETE LÍQUIDO 500ML,un,Produto de limpeza,,,291
ALCOOL GEL 500ML,un,Produto de limpeza,,,280
SACO PLÁSTICO PARA LIXO 50 LITROS,un,Produto de limpeza,,,275
RODO DE BORRACHA TAMANHO 60CM,un,Produto de limpeza,,,0
PÁ PARA LIXO PEQUENA,un,Produto de limpeza,,,382
Grampeador p/papel,un,Escritório,,,19
Caneta esferográfica vermelha,un,Escritório,,,1600
Grampo p/ grampeador 26/06,un,Escritório,,,30
PAPEL TOALHA BRANCO,un,Produto de limpeza,,,0
TOUCA C/100UN,un,Produto de limpeza,,,646
LUVA P/PROCEDIMENTOS NÃO CIRÚGICO CX100,cx,Produto de limpeza,,,1797
PANO PERFEX,un,Produto de limpeza,,,468
ODORIZANTE DE AMBIENTES,un,Produto de limpeza,,,6
BALDE PLASTICO 10 LI P/LIMPEZA,un,Produto de limpeza,,,93
Desinfetante Líquido Embalagem 2L,un,Produto de limpeza,,,0
Esponja de aço,pacote,Produto de limpeza,,,247
LUVA DE LATEX FORRADA PARA LIMPEZA,un,Produto de limpeza,,,519
Desinfetante liquido embalagem 2L,un,Produto de limpeza,,,0
SACO PLASTICO 60LT,un,Produto de limpeza,,,500
Grampo p/ grampeador 26/6,un,Escritório,,,90
Prendedor de papel 41MM,un,Escritório,,,70
Clips NR 6,un,Escritório,,,70
Vassoura piaçava,un,Produto de limpeza,,,0
Pincel atomico vermelho,un,Prefeitura,,,60
Pasta p/ arquivo suspenso,un,Escritório,,,30
Pasta cartolina com grampo trilho,un,Escritório,,,51
Bucha,un,Prefeitura,,,51
Papel ofício,un,Escritório,,,40
Clips N 2,un,Escritório,,,46
Clips N 4,un,Escritório,,,57
Pasta arquivo morto,un,Escritório,,,30
Livro de protocolo,un,Escritório,,,20
Grampo p/ grampeador 23/13,un,Escritório,,,10
Botina,un,Produto de limpeza,,,82
POLIDOR  DE METAIS 200ML,un,Produto de limpeza,,,35
Envelope pardo 325 x 450MM,un,Escritório,,,54
Tinta branco neve,un,Prefeitura,,,106
Tinta esmalte cinza platina,un,Prefeitura,,,44
Trincha de 1/2 POL.,un,Industrial,,,50
Rolo de espuma 23cm,un,Prefeitura,,,181
Selador,un,Prefeitura,,,39
Tinta branca,un,Prefeitura,,,30
Fita adesiva,un,Prefeitura,,,47
Trapo,un,Prefeitura,,,20
ABAFADOR SOM,UN,Industrial,,,0
ABRAÇADEIRA,UN,Industrial,,,30
ABRACADEIRA ACO COM ESTRIA TUBO 3/4 POL,UN,Industrial,,,15
ABRAÇADEIRA AÇO GALVANIZADO AJUSTAVEL P/ ELETRODUTO 2,UN,Industrial,,,6
ABRAÇADEIRA AÇO GALVANIZADO AJUSTAVEL 2 1/2,UN,Industrial,,,18
ABRAÇADEIRA AÇO GALVANIZADO 1 1/4 TIPO U,UN,Industrial,,,147
ABRAÇADEIRA AÇO GALVANIZADO 2,UN,Industrial,,,100
ABRACADEIRA ACO TIPO D 1 POL,UN,Industrial,,,216
ABRAÇADEIRA DE AÇO GALV. TIPO U 3/4,UN,Industrial,,,38
ABRAÇADEIRA GALV. TIPO U,UN,Industrial,,,254
ACOPLADOR MANGUEIRA,UN,Industrial,,,20
ADAPTADOR,UN,Industrial,,,1
ADAPTADOR CONECTOR ELETRICO,UN,Industrial,,,6
ADESIVO COLA P/PVC BISNAGA,UN,Industrial,,,68
ADESIVO VEDA JUNTA 73,UN,Industrial,,,173
ADITIVO ANTICORROSIVO ANTICONGELANTE,UN,Industrial,,,1
ADITIVO SECANTE,UN,Industrial,,,10
AGUARRAZ,LI,Industrial,,,48
AGULHA P/ COSTURAR SACO,UN,Industrial,,,2
AGULHEIRO MARÍTIMO,UN,Industrial,,,3
ALAVANCA,UN,Industrial,,,4
ALAVANCA MANUAL,UN,Industrial,,,0
ALÇA LATERAL ALUMINIO P/ BARCO,UN,Industrial,,,5
ALÇA PREFORMADA PARA CABO 1/0,UN,Industrial,,,49
ALCA SUPORTE,UN,Industrial,,,2
ALCOOL ETILICO,UN,Industrial,,,168
ALGECIDA DE CHOQUE,UN,Industrial,,,14
ALICATE,UN,Industrial,,,9
ALICATE AMPERIMETRO,UN,Industrial,,,2
ALICATE BICO MEIA CANA,UN,Industrial,,,7
ALICATE BICO MEIA CANA LONGO,UN,Industrial,,,2
ALICATE BICO 6 POL,UN,Industrial,,,1
ALICATE CORTE DIAGONAL C/ ISOLAMENTO 150MM (6 POL),UN,Industrial,,,1
ALICATE CRIPADOR TERMINAIS,UN,Industrial,,,2
ALICATE DE CORTE,UN,Industrial,,,2
ALICATE DE CORTE DIAGONAL 6 POL,UN,Industrial,,,3
ALICATE PRESSAO,UN,Industrial,,,4
ALICATE REBITADOR,UN,Industrial,,,2
ALICATE SOLDADOR,UN,Industrial,,,4
AMORTECEDOR MOLA,UN,Industrial,,,2
ANEL COMPRESSAO,UN,Industrial,,,1
ANEL DE VEDAÇÃO GUINDASTE,UN,Industrial,,,1
ANEL DE VEDAÇAO 120 mm x 1/8,UN,Industrial,,,2
ANEL DE VEDAÇAO 160 mm x 1/8,UN,Industrial,,,2
ANEL ESPAÇADOR,UN,Industrial,,,35
ANEL RETENTOR,UN,Industrial,,,4
ANEL SELO,UN,Industrial,,,1
ANILHA DE FERRO 3/8,UN,Industrial,,,2
ANILHA DE 1/2,UN,Industrial,,,16
ANILHA MARCAÇAO FIOS ELETRICOS,UN,Industrial,,,65
ANODO DE SACRIFICIO,UN,Industrial,,,10
ANODO SACRIFICIO,UN,Industrial,,,71
APARELHO ROTATIVO,CJ,Industrial,,,1
APOIO TRAVA,UN,Industrial,,,2
ARAME DE ALUMINIO 1.2 (4043)P/ MAQUINA DE SOLDA MIG MAG,KG,Industrial,,,37
ARAME GALVANIZADO,RO,Industrial,,,10
ARAME PARA SOLDAGEM MIG - SAWM -85,UN,Industrial,,,19
ARCO DE SERRA PIAL,UN,Industrial,,,11
ARGOLA BANDEIRA,UN,Industrial,,,1
ARMADOR ALUMINIO P/PROA,UN,Industrial,,,12
ARRUELA,UN,Industrial,,,578
ARRUELA AÇO CARBONO DE PRESSÃO DE 1/2 X 3/4,UN,Industrial,,,4
ARRUELA AÇO CARBONO LISA 1 5/8,UN,Industrial,,,1
ARRUELA AÇO CARBONO PRESSÃO 3/4,UN,Industrial,,,9
ARRUELA AÇO INOX DE PRESSÃO DE 1/2 X 7/8,UN,Industrial,,,14
ARRUELA AÇO INOX LISA 1 1/2 X 2 3/8,UN,Industrial,,,12
ARRUELA AÇO INOX LISA 3/8 POL,UN,Industrial,,,450
ARRUELA AÇO INOX LISA 3/8 X 13/16,UN,Industrial,,,46
ARRUELA AÇO INOX LISA 3/8 X 3/4,UN,Industrial,,,16
ARRUELA AÇO INOX LISA 7/16,UN,Industrial,,,3
ARRUELA AÇO INOX PRESSAO 1,UN,Industrial,,,79
ARRUELA ACO LISA 1/4 POL,UN,Industrial,,,245
ARRUELA DE ACABAMENTO,UN,Industrial,,,10
ARRUELA DE PRESSÃO,UN,Industrial,,,74
ARRUELA LATÃO LISA 1/8 X 13/32,UN,Industrial,,,14
ARRUELA LISA,UN,Industrial,,,353
ARRUELA LISA A M 16 AÇO,UN,Industrial,,,575
ARRUELA LISA A M 3 AÇO,UN,Industrial,,,100
ARRUELA LISA AÇO GALVANIZADO 3/16 X 5/16,UN,Industrial,,,9
ARRUELA LISA AÇO INOX 3/16,UN,Industrial,,,440
ARRUELA LISA AÇO INOX 3/8,UN,Industrial,,,14
ARRUELA LISA FG 3/4 POL,UN,Industrial,,,3
ARRUELA LISA IN 1/2 POL,CX,Industrial,,,1
ARRUELA LISA IN 1/4 POL,UN,Industrial,,,43
ARRUELA LISA IN 3/8 POL,CX,Industrial,,,3
ARRUELA LISA IN 5/8 POL,UN,Industrial,,,500
ARRUELA LISA INOX 1/2,UN,Industrial,,,450
ARRUELA LISA LT 1/4 POL,UN,Industrial,,,20
ARRUELA PLASTICA P/ TELHA,UN,Industrial,,,118
ARRUELA PRESSAO,UN,Industrial,,,200
ARRUELA PRESSAO ACO 3/16,UN,Industrial,,,50
ARRUELA PRESSAO FG 3/4 POL,UN,Industrial,,,417
ARRUELA PRESSAO FG 3/8 POL,UN,Industrial,,,54
ARRUELA PRESSAO IN 3/4 POL,UN,Industrial,,,50
ARRUELA PRESSAO IN 3/8 POL,CX,Industrial,,,1
ATERRAMENTO,UN,Industrial,,,36
BALACLAVA - PRETA - ANTI-CHAMA,UN,Industrial,,,20
BALDE PARA EL DE LONA CG 435 CARBOGRAFITE,UN,Industrial,,,11
BANDEJA PARA PINTURA 15 CM,UN,Industrial,,,621
BANDEJA PARA PINTURA 23CM,UN,Industrial,,,420
BANDEJA P/ROLO 230MM,UN,Industrial,,,160
BARRA ACO CARB. 1 1/2 X 3/16,UN,Industrial,,,7
BARRA AÇO INOX REDONDA DE 1/4,BR,Industrial,,,7
BARRA ACO REDONDA 1 1/2 POL,UN,Industrial,,,1
BARRA ATIVADORA,UN,Industrial,,,1
BARRA CHATA AÇO SAE 1020 1 x 1/8 x 6M,UN,Industrial,,,37
BARRA CHATA AÇO SAE 1020 1 1/2 x 3/16 x 6M,UN,Industrial,,,228
BARRA REDONDA EM AÇO SAE 1020 1 1/4 x 6 m,UN,Industrial,,,3
BARRA REDONDA EM AÇO SAE 1020 5/8 x 6 m,UN,Industrial,,,170
BARRA REDONDA 3/16,UN,Industrial,,,1
BARRA ROSCADA AÇO INOX 1/2,UN,Industrial,,,14
BARRA ROSCADA AÇO 1/2 x 50 cm,UN,Industrial,,,5
BARRA ROSCADA AÇO 3/4 x 1 m,UN,Industrial,,,3
BARRA ROSCADA AÇO 3/8 x 1 m,UN,Industrial,,,5
BARRA ROSCADA AÇO 9/16,UN,Industrial,,,1
BARRA ROSCADA 1 1/4,UN,Industrial,,,4
BARRA ROSCADA 5/16 x 1 M,UN,Industrial,,,3
BARRA TERMINAL,UN,Industrial,,,10
BARRAMENTO DE COBRE 1 1/4 x 3/8,UN,Industrial,,,16
BARRAMENTO DE COBRE 3/4 x 1/4,UN,Industrial,,,12
BARRAMENTO DE TERRA 12 FUROS 16 mm,UN,Industrial,,,35
BARRAMENTO MONOFÁSICO PRÉ ISOLADO P/ DISJUNTOR DIN,UN,Industrial,,,11
BARRAMENTO NEUTRO 12 FUROS 16 mm,UN,Industrial,,,21
BARRAMENTO TRIFÁSICO PRÉ ISOLADO P/ DISJUNTOR DIN,UN,Industrial,,,4
BARRAMENTO TRIFÁSICO PRÉ ISOLADO PARA DISJUNTOR DIN,UN,Industrial,,,12
BARRAMENTO TRIFÁSICO 80A,UN,Industrial,,,11
BASE FUSIVEL,UN,Industrial,,,3
BASE PARA FUSIVEL DZ,UN,Industrial,,,8
BASE PARA RELE,UN,Industrial,,,118
BASE PARA VALVULA HYDRA MAX 1 1/4,UN,Industrial,,,71
BASE SUPORTE LAMPADA,UN,Industrial,,,40
BATENTE FILTRO,UN,Industrial,,,2
BATERIA ALCALINA 9V,UN,Industrial,,,20
BATERIA 150A MOTOR MWM D 232 V8,UN,Industrial,,,1
"BATERIA 60 A/H, 12V",UN,Industrial,,,1
BEDAME AÇO RAPIDO ESPESSURA 1/8 POL,UN,Industrial,,,10
BELZONA,UN,Industrial,,,1
BICO CORTE N 10,UN,Industrial,,,7
BICO CORTE N 12,UN,Industrial,,,7
BICO CORTE N 3,UN,Industrial,,,2
BICO CORTE N2,UN,Industrial,,,7
BICO CORTE N4,UN,Industrial,,,2
Bico de corte 1502 Nº4,UN,Industrial,,,2
BICO DE CORTE 1502 N6,UN,Industrial,,,20
BICO ELETRICO SOLDA,UN,Industrial,,,5
BICO ENGRAXADOR GALVANIZADO 3/8,UN,Industrial,,,1
BICO FERRO SOLDAR ELETRICO,UN,Industrial,,,50
BISNAGA DE SILICONE,UN,Industrial,,,43
BLOCO SINALEIRO 24 VCC AMARELO,UN,Industrial,,,1
BLUSAO EM RASPA,UN,Industrial,,,8
BOBINA DE NYLON - ROÇADEIRA,ME,Industrial,,,3
BOBINA P/ MAQUINA CALCULAR 57 m x 30 m 1 via,UN,Industrial,,,26
BOCAL,UN,Industrial,,,10
BOLSA DE FERRAMENTA,UN,Industrial,,,2
BOMBA DE AGUA,UN,Industrial,,,6
BONÉ,UN,Industrial,,,10
BORNE CONECTOR,UN,Industrial,,,250
BORNE J x B-16/35 16mm 800 v,UN,Industrial,,,15
BORNE PARA BARRAMENTO,UN,Industrial,,,31
"BORNE UNIVERSAL PASSANTE 2,5 mm",UN,Industrial,,,20
BORRACHA,ME,Industrial,,,10
BORRACHA EM TIRA ESPONJOSA PERFIL QUADRADO DE 17MM,UN,Industrial,,,25
BORRACHA EM TIRA TIPO ESPONJOSA PERFIL QUADRADO DE 1,UN,Industrial,,,25
BORRACHA EM TIRA TIPO ESPONJOSA PERFIL QUADRADO DE 1/2,UN,Industrial,,,25
BORRACHA EM TIRA TIPO ESPONJOSA PERFIL QUADRADO 10MM,UN,Industrial,,,105
BORRACHA ESPONJOSA 1047 x 54 x 18,ME,Industrial,,,15
BORRACHA GUARNIÇAO TIPO U,ME,Industrial,,,30
BORRACHA LENCOL LONADA 1/4 POL,ME,Industrial,,,35
BORRACHA LENCOL LONADA 1/8 POL,UN,Industrial,,,32
BORRACHA LENCOL 3/16 POL,ME,Industrial,,,5
BORRACHA LONADA DE 11/16 x 1,ME,Industrial,,,2
BORRACHA LONADA DE 11/16 x 1 3/16,ME,Industrial,,,3
BORRACHA LONADA DE 3 1/2 x 1/4,ME,Industrial,,,5
BORRACHA LONADA DE 3/4 x 1 7/16,ME,Industrial,,,3
BORRACHA LONADA DE 3/8 x 11/16,ME,Industrial,,,8
BORRACHA LONADA 1/8,RO,Industrial,,,2
BORRACHA PERFIL T DE 9/16 X 3MM,UN,Industrial,,,8
BORRACHA QUADRADA 1/8,UN,Industrial,,,18
BORRACHA SINTÉTICA EM TIRA COR PRETA ESPONJOSA LARG. 29 MM X 18 MM DE ESPESSURA,UN,Industrial,,,47
BORRACHA VEDAÇÃO,UN,Industrial,,,26
BORRACHA VEDAÇAO ESPONJOSA 9/16 POL X 1 7/16 POL,UN,Industrial,,,10
BOTINA (BOTA) 3 ACOL PU BIQ. AÇO,UN,Industrial,,,53
BOX RETO METÁLICO 2,UN,Industrial,,,14
BOX RETO 1 1/2,UN,Industrial,,,1
BRAÇADEIRA DE PLASTICO GUINDASTE,UN,Industrial,,,3
BRACAS DE AÇO RAPIDO,UN,Industrial,,,21
BRACO CHAVE MANOBRA,UN,Industrial,,,1
BROCA,UN,Industrial,,,55
BROCA AÇO RAPIDO 05/16,UN,Industrial,,,23
BROCA ACO RAPIDO 1/2 POL,UN,Industrial,,,59
BROCA ACO RAPIDO 1/4,UN,Industrial,,,20
BROCA AÇO RAPIDO 16MM,UN,Industrial,,,5
BROCA ACO RAPIDO 1/8,UN,Industrial,,,31
BROCA ACO RAPIDO 3/16,UN,Industrial,,,30
BROCA ACO RAPIDO 3/8 POL,UN,Industrial,,,54
BROCA AÇO RAPIDO 5MM,UN,Industrial,,,10
BROCA ACO RAPIDO 5/16 POL,UN,Industrial,,,50
BROCA ACO RAPIDO 7/16 POL,UN,Industrial,,,88
BROCA AÇO RAPIDO 7/8 POL,UN,Industrial,,,4
BROCA ACO RAPIDO 9/16 POL,UN,Industrial,,,8
BROCA DE MADEIRA 3/4,UN,Industrial,,,5
BROCA PILOTO PARA SERRA COPO,UN,Industrial,,,16
BUCHA ACABAMENTO 2,UN,Industrial,,,23
BUCHA ACABAMENTO 3,UN,Industrial,,,84
BUCHA AÇO GALVANIZADO COM REDUÇAO 1 X 3/4,UN,Industrial,,,4
BUCHA AÇO GALVANIZADO COM REDUÇAO 2 X 1 1/2,UN,Industrial,,,16
BUCHA DE ACABAMENTO,UN,Industrial,,,36
BUCHA DE PAREDE S-8,UN,Industrial,,,1977
BUCHA DE REDUÇÃO,UN,Industrial,,,26
BUCHA DE REDUÇÃO DE FERRO MALEAVEL GALV. ROSCADO BSP 1.1/2 X 1/2 POL,UN,Industrial,,,2
BUCHA DE REDUÇÃO ROSCA 1 X 3/4,UN,Industrial,,,86
BUCHA DE REDUÇÃO ROSCA 1 1/2 X 1,UN,Industrial,,,3
BUCHA DE ROLAMENTO,UN,Industrial,,,1
BUCHA FERRO GALVANIZADO 2,UN,Industrial,,,18
BUCHA ISOLADORA,UN,Industrial,,,1
BUCHA METAL 1/2 P/ ELETRICIDADE,UN,Industrial,,,75
BUCHA PVC COM REDUÇAO 2 1/2 x 2,UN,Industrial,,,35
BUCHA RED.A.C.FORJ.ASTM A-105 GR II DIAM. 1 X 1/2,UN,Industrial,,,8
BUCHA RED.A.C.FORJ.ASTM A-105 GR II DIAM. 2 1/2 X 1 1/2,UN,Industrial,,,3
BUCHA REDUCAO,UN,Industrial,,,3
BUCHA REDUÇÃO FERRO MALEA.NÃO ZINC. 2 1/2 X 2,UN,Industrial,,,5
BUCHA REDUÇÃO FERRO MALEA.NÃO ZINC. 3 X 2,UN,Industrial,,,1
BUCHA S-10,UN,Industrial,,,1390
BUCHA S-10 COM PARAFUSO,UN,Industrial,,,691
BUCHA S-12 COM PARAFUSO,UN,Industrial,,,1600
BUCHA S-8 COM PARAFUSO,PA,Industrial,,,903
BUCHA 3/4 PARA CONDULETE,UN,Industrial,,,169
BUJAO AÇO GALVANIZADO 1 1/4,UN,Industrial,,,5
BUZINA 24V,UN,Industrial,,,1
CABECOTE,UN,Industrial,,,1
CABECOTE CILINDRO,UN,Industrial,,,9
CABO ALIMENTACAO,ME,Industrial,,,191
CABO AUDIOFREQUENCIA MODELO XLR P10 COMPRIMENTO 10M,UN,Industrial,,,4
CABO BICOLOR P/ SOM,UN,Industrial,,,100
CABO COAXIAL,ME,Industrial,,,1005
CABO COBRE,UN,Industrial,,,310
CABO COBRE NU 25 MM2,ME,Industrial,,,99
CABO COMANDO,UN,Industrial,,,2
CABO DE ACELERADOR,UN,Industrial,,,1
CABO DE ACO FLEXIVEL,ME,Industrial,,,100
CABO DE AÇO 1/2 6 X 25 POLIDO,ME,Industrial,,,80
CABO DE AÇO 1/4,ME,Industrial,,,502
CABO DE COMANDO COAXIAL CC 17220,UN,Industrial,,,4
CABO DE COMANDO COAXIAL TCNRR 180.075,UN,Industrial,,,3
CABO DE COMANDO DO MOTOR COAXIAL TC,UN,Industrial,,,2
CABO DE EMBREAGEM - KOMBI,UN,Industrial,,,1
CABO ELETRICO FLEXIVEL ANTI CHAMA 120MM,ME,Industrial,,,555
"CABO ELÉTRICO FLÉXIVEL 1 KV 70,0 MM2",ME,Industrial,,,681
CABO FIBRA OTICA,ME,Industrial,,,48
"CABO FLEX 0.6/1KV 3 X 4,0MM COM 100M",UN,Industrial,,,87
"CABO FLEX 750V 1,5MM PT, COM 200M",ME,Industrial,,,176
CABO FLEXIVEL,UN,Industrial,,,4
CABO FLEXIVEL DE 2.5MM,ME,Industrial,,,892
"CABO FLEXÍVEL 1,5 MM",UN,Industrial,,,1298
CABO FLEXIVEL 2.5 MM BC,UN,Industrial,,,1823
"CABO FLEXIVEL 2,5MM",UN,Industrial,,,14
CABO FLEXIVEL 4.0MM,ME,Industrial,,,2990
CABO FLEXÍVEL 450/750V,ME,Industrial,,,800
CABO FLEXIVEL 6MM COM 100M,ME,Industrial,,,415
"CABO PARALELO 2 X 2,5MM",ME,Industrial,,,235
"CABO PIR. FLEXIVEL ANT 2 mm x 2,5 mm2",UN,Industrial,,,2
CABO PP 4 x 25 MM,ME,Industrial,,,210
CABO TELEFONICO C/ 20 FIOS,ME,Industrial,,,20
CABO 2X4MM 750V,ME,Industrial,,,96.5
CAÇAROLA EM ALUMÍNIO Nº 34,UN,Industrial,,,1
CAÇAROLA EM ALUMÍNIO Nº 55,UN,Industrial,,,2
CAÇAROLA EM ALUMÍNIO Nº 60,UN,Industrial,,,3
CAÇAROLA EM ALUMÍNIO Nº 70,UN,Industrial,,,4
CADARCO ISOLANTE P/ ALTA TEMPERATUR,UN,Industrial,,,17
Caixa de embutir 4x4,UN,Industrial,,,12
CAIXA DE INSPEÇÃO PARA ATERRAMENTO,UN,Industrial,,,33
CAIXA DE PASSAGEM ALUMÍNIO 300 x 300 x 100 mm,UN,Industrial,,,4
"CAIXA DE PASSAGEM DE 12 X 5,5 CM",UN,Industrial,,,27
CAIXA DE PASSAGEM EM ALUMINIO FUNDIDO 20 x 20 x 10CM C/ TAMPA,UN,Industrial,,,7
CAIXA P/ DIJUNTOR,UN,Industrial,,,4
CAIXA PLASTICA DE EMBUTIR 4 X 2,UN,Industrial,,,52
CALÇO GUINDASTE,UN,Industrial,,,2
CALIBRADOR,UN,Industrial,,,45
CALIBRE DE ÂNGULO,UN,Industrial,,,2
CALIBRE DE MEDIÇÃO,UN,Industrial,,,2
CAMERA,UN,Industrial,,,22
CANALETA PLÁSTICA,UN,Industrial,,,45
CANTONEIRA AÇO ABAS IGUAIS 1 1/2 x 3/16,UN,Industrial,,,1
CANTONEIRA ACO CARB. 5/8 X 1/8,UN,Industrial,,,2
CANTONEIRA ACO CARBONO 2 X 1/4 POL,UN,Industrial,,,2
CANTONEIRA AÇO 1 x 1/4,UN,Industrial,,,4
CANTONEIRA AÇO 3/16 x 3,UN,Industrial,,,10
CANTONEIRA DE ABAS IGUAIS AÇO SAE 1020 1 x 1/8 x 6 m,UN,Industrial,,,3
CANTONEIRA EM L,UN,Industrial,,,31
CANTONEIRA RETA,UN,Industrial,,,4
CANTONEIRA SAE 1020 2 X 1/4 COM 6 METROS,UN,Industrial,,,10
CANTONEIRA 2 x 1/8 x 1m,UN,Industrial,,,3
CAP ELECT 1000MF16V,UN,Industrial,,,29
CAP. ELET. 1.5UF 100V,UN,Industrial,,,13
CAP. ELETROLITICO 2.200MF/,UN,Industrial,,,2
CAP VAR. 2.5 - 5PF,UN,Industrial,,,11
CAPA PLÁSTICA PARA ENCADERNAÇÃO PRETA,UN,Industrial,,,10
CAPA TOMADA,UN,Industrial,,,15
CAPACETE BRANCO,UN,Industrial,,,12
CAPACITOR,UN,Industrial,,,20
CAPACITOR DE FASE 380 VAC 15 MF,UN,Industrial,,,20
CAPACITOR DE FASE 380 VAC 4 MF,UN,Industrial,,,3
CAPACITOR DE FASE 380 VAC 45 MF,UN,Industrial,,,26
CAPACITOR DE FASE 380 VAC 50 MF,UN,Industrial,,,18
CAPACITOR ELETRICO P/ VENT. 4700MF 50V,UN,Industrial,,,3
CAPACITOR ELETROLI. P. RAP K100,UN,Industrial,,,1
CAPACITOR ELETROLICO 110 /220V,UN,Industrial,,,1
"CAPACITOR, ELETROLITICO",UN,Industrial,,,5
CAPACITOR ELETROLITICO,UN,Industrial,,,10
CAPACITOR FASE PPM 30MF X 380V,UN,Industrial,,,16
CAPACITOR 1MFD,UN,Industrial,,,15
CAPACITOR 10 MF/250 VAC,UN,Industrial,,,13
CAPACITOR 12 MICROFARADS 380V,UN,Industrial,,,3
CAPACITOR 145 - 175 MF,UN,Industrial,,,15
CAPACITOR 15MFD 440V TERMINAL CORPO METAL,UN,Industrial,,,5
CAPACITOR 2MF 380 VCC,UN,Industrial,,,8
CAPACITOR 20 MF 220V,UN,Industrial,,,69
CAPACITOR 25 MF 220V,UN,Industrial,,,10
CAPACITOR 35 MICROFARADS 380V,UN,Industrial,,,9
CAPACITOR 40UF 380V 50/60HZ,UN,Industrial,,,15
CAPACITOR 45MFD 440V TERMINAL CORPO METAL,UN,Industrial,,,6
CAPACITOR 4.7MF 250V,UN,Industrial,,,1
CAPUCHANA BRONZE 1/2,UN,Industrial,,,33
CAPUCHANA BRONZE 3/8,UN,Industrial,,,26
CAPUZ,UN,Industrial,,,3
CAPUZ USO SALVAMENTO E SEGURANÇA ESTILO BALACLAVA,UN,Industrial,,,4
CARGA PARA MAÇARICO 400 GR,UN,Industrial,,,19
CARRO TRANSPORTE,UN,Industrial,,,1
CARTUCHO RESPIRADOR AR FILTRO,UN,Industrial,,,184
CARVÃO ATIVADO 10GR,UN,Industrial,,,30
CATALISADOR PRIMER P05/P20 PN 0628-9001-7835C,UN,Industrial,,,25
CELERON EM PLACA,UN,Industrial,,,2
CHAPA ACO ESTRUTURAL FINA 1/8 POL,UN,Industrial,,,4
"CHAPA AÇO 1020 3/16 ( 3 X 1,20m)",UN,Industrial,,,6
"CHAPA ALUMINIO LISA LIGA 5052-H34 12,7MM X 1250MM X 6000MM",UN,Industrial,,,10
CHAPA DE AÇO CARB. DE 3/16,UN,Industrial,,,437
CHAPA DE AÇO CARB. 3/16,UN,Industrial,,,14
CHAPA DE AÇO CARBONO 18MM X 3 X 1M,UN,Industrial,,,1
CHAPA DE AÇO ESRUTURAL NAVAL COMUM,UN,Industrial,,,19
CHAPA DE AÇO ESTRUTURAL NAVAL DE 1/4,UN,Industrial,,,5
"CHAPA DE ALUMINIO, 1M X 2M, ESPESSURA 1",UN,Industrial,,,359
CHAPA DE COMPENSADO COMUM COM 15 MM,UN,Industrial,,,8
CHAPA LATAO 1/16 X 1.20M X 0.60M,UN,Industrial,,,5
"Chapa lisa alumínio 700 x 2,8mm",UN,Industrial,,,12
"CHAPA LISA 1,50 mm x 1000 x 2000 AÇO SAE 1020",UN,Industrial,,,2
CHAVE ALLEN,UN,Industrial,,,2
CHAVE ACIONADORA,UN,Industrial,,,4
CHAVE AJUSTAVEL,UN,Industrial,,,7
CHAVE AJUSTAVEL P/TUBO 127MM (5 POL),UN,Industrial,,,1
CHAVE COMANDO,UN,Industrial,,,5
CHAVE COMBINADA,UN,Industrial,,,2
CHAVE COMBINADA DE CAIXA E TORQUE,UN,Industrial,,,6
CHAVE COMBINADA 3/4POL,UN,Industrial,,,1
CHAVE COMBINADA 3/8POL,UN,Industrial,,,2
CHAVE CORTA FUSIVEL,UN,Industrial,,,3
CHAVE DE IGNIÇÃO GUINDASTE,UN,Industrial,,,1
"CHAVE FUSÍVEL DISTRIBUIÇÃO, TENSÃO MÁXIMA DE OPERAÇÃO 15KV, CORENTE NOMINAL 100A, TIPO BASE C",UN,Industrial,,,14
"CHAVE FUSIVEL, PORC. 15KV 300A/PF 100-10KA",UN,Industrial,,,11
CHAVE INGLESA,UN,Industrial,,,2
CHAVE LIGA-DESLIGA,UN,Industrial,,,1
CHAVE REVERSORA,UN,Industrial,,,1
CHAVE TERMOSTATO,UN,Industrial,,,2
CHUMBADOR AF38065,UN,Industrial,,,2
CHUMBADOR PARABOLT 3/4 POLEGADAS,UN,Industrial,,,107
CHUVEIRO ELETRICO,UN,Industrial,,,11
CILINDRO ARGÔNIO 243 CF,UN,Industrial,,,1
CILINDRO GAS COMPRIMIDO,UN,Industrial,,,1
CILINDRO GAS NITROGENIO,UN,Industrial,,,1
CILINDRO GAS OXIGENIO,UN,Industrial,,,1
CINTA,UN,Industrial,,,3
CINTA CIRCULAR 170MM,UN,Industrial,,,22
CINTA CIRCULAR 190MM,UN,Industrial,,,57
CINTA ELETRICA,UN,Industrial,,,3
CLIPS DE AÇO GALV. P/ CABO DE 3/8,UN,Industrial,,,16
COIFA DE ALMOCINETICA,UN,Industrial,,,4
COLA BRANCA 1 L,UN,Industrial,,,46
COLUNA METÁLICA SOLDADA 3 x 3 x 3 m AÇO SAE 1020,UN,Industrial,,,3
COLUNA METÁLICA SOLDADA 3 x 3 x 4 m AÇO SAE 1020,UN,Industrial,,,5
COMPALITE 305 0U TUBOLIT - COMP.A,UN,Industrial,,,2
COMPASSO,UN,Industrial,,,2
COMPASSO DE PONTA SECA,UN,Industrial,,,4
CONDUITE,UN,Industrial,,,11
CONDUITE TIPO C 1/2 SEM TAMPA,UN,Industrial,,,75
CONDUITE 1 1/4 TIPO T,UN,Industrial,,,3
CONDUITE 2 x 4 P/ TUBO 1 1/2,UN,Industrial,,,1
CONDULETE DE 3/4,UN,Industrial,,,11
CONDULETE LB DE 1 POL,UN,Industrial,,,18
CONDULETE TIPO X 1,UN,Industrial,,,25
CONDULETE TIPO X 1 1/2,UN,Industrial,,,2
CONECTOR,UN,Industrial,,,50
CONECTOR BNC LMI 50 OHMS,UN,Industrial,,,162
CONECTOR DE DERIVAÇÃO TIPO CUNHA,UN,Industrial,,,189
CONECTOR DERIVAÇAO PERFURANTE CDP-95 120MM²,UN,Industrial,,,42
CONECTOR ELETRICO,UN,Industrial,,,170
CONECTOR METÁLICO CURVO 1 POL,UN,Industrial,,,24
CONECTOR METÁLICO RETO 1 POL,UN,Industrial,,,46
CONECTOR P/ HASTE DE ATERRAMENTO,UN,Industrial,,,24
CONECTOR PERFURANTE COM ISOLADOR PARA CABO ELÉTRICO,UN,Industrial,,,28
CONECTOR RETO P/ BOX 3/4,UN,Industrial,,,23
CONECTOR RETO 3/4 C/ ROSCA,UN,Industrial,,,18
CONECTOR SINDAL P/ CABO 125 mm,UN,Industrial,,,5
CONECTORES DE TENSAO CONTROLE DE NI,UN,Industrial,,,34
CONEXÃO CURV,UN,Industrial,,,2
CONEXAO CURVA TUBO,UN,Industrial,,,6
CONEXAO EM CRUZ AÇO GALVANIZADO 2,UN,Industrial,,,5
CONJUNTO ILUMINAÇÃO PTZ,UN,Industrial,,,1
CONJUNTO LONA FREIO,UN,Industrial,,,1
CONJUNTO TAMPA,UN,Industrial,,,1
CONTACTOR 3 POLOS,UN,Industrial,,,1
CONTATOR COM BASE,UN,Industrial,,,19
CONTATOR 3TF 43 220 V / 60 HZ,UN,Industrial,,,9
CONTRA BUCHA DE METAL GALV 1,UN,Industrial,,,10
CONTRA BUCHA DE METAL GALV 3/4,UN,Industrial,,,51
CONTRA BUCHA 2,UN,Industrial,,,25
CONTRAPINO ACO 3/16 POL X 1 POL,UN,Industrial,,,12
CONTRAPINO DE AÇO INOX 1/8 X 1,UN,Industrial,,,12
CONTROLADOR BOMBA,UN,Industrial,,,2
CONTROLADOR ELETRONICO,UN,Industrial,,,2
COPO VINHO BRANCO,UN,Industrial,,,300
CORANTE PVA AMARELO,BI,Industrial,,,1
CORREIA ALTERNADOR,UN,Industrial,,,1
COSSIMETRO INDICADOR DE POTÊNCIA,UN,Industrial,,,1
COSSINETE,UN,Industrial,,,5
COTOVELO PVC 1 1/2,UN,Industrial,,,2
COTOVELO PVC 40 mm SOLDAVEL,UN,Industrial,,,487
COTOVELO PVC 50 mm SOLDAVEL,UN,Industrial,,,574
COTOVELO 1 AÇO GALVANIZADO 90º,UN,Industrial,,,0
CRUZETA,UN,Industrial,,,15
CRUZETA A.C.ASTM A-234 GR WPA SCH 1 1/2,UN,Industrial,,,4
CRUZETA A.C.FORJ.ASTM A-105 GR II 1 1/2,UN,Industrial,,,2
CRUZETA AÇO CARB.FORJ.ASTM A-105 SE 1,UN,Industrial,,,8
CRUZETA DE AÇO CARBONO ASTM A-234 GR WPA SCH-40 C/ PONTA BISSELADA P/SOLDA DE TOPO DIÂMETRO 1/2 POL,UN,Industrial,,,5
CRUZETA DE AÇO CARBONO ASTM A-234 GR WPA SCH-80 C/ PONTA BISSELADA P/SOLDA DE TOPO DIÂMETRO 1.1/2 POL,UN,Industrial,,,4
CRUZETA DE AÇO CARBONO FORJADO ASTM A-105 GR II SERIE 3000 ROSCADA ROSCA BSP DIÂMETRO 1.1/4 POL,UN,Industrial,,,6
CRUZETA DE AÇO CARBONO FORJADO ASTM A-105 GR II SERIE 3000 ROSCADA ROSCA BSP 3/4 POL,UN,Industrial,,,7
CRUZETA DE BRONZE DE ENCAIXE,UN,Industrial,,,5
CRUZETA DE FERRO MALEAVEL GALV.ROS. 2,CX,Industrial,,,7
CRUZETA DE LATÃO DE ENCAIXE,UN,Industrial,,,1
CRUZETA FERRO MALE. GALV. ROSCADO 1,UN,Industrial,,,7
CRUZETA FERRO MALE. GALV. ROSCADO 1 1/4,UN,Industrial,,,1
"CRUZETA POLIM. 90 X 112,5 X 2400MM",UN,Industrial,,,8
CUPILHA AÇO 1/8,UN,Industrial,,,505
CURVA AÇO CARBONO 4,UN,Industrial,,,1
CURVA AÇO GALVANIZADO 1,UN,Industrial,,,25
CURVA ACO GALVANIZADO 1 POL 45GR FEMEA,UN,Industrial,,,5
CURVA AÇO GALVANIZADO 1 POL 90°,UN,Industrial,,,10
CURVA ACO GALVANIZADO 1 1/2 POL FEMEA,UN,Industrial,,,17
CURVA ACO GALVANIZADO 1 1/4,UN,Industrial,,,29
CURVA AÇO GALVANIZADO 2,UN,Industrial,,,23
CURVA ACO GALVANIZADO 3 POL 90 GRAUS ST,UN,Industrial,,,1
CURVA AÇO GALVANIZADO 3/4,UN,Industrial,,,5
CURVA AÇO SEM COSTURA 4 POL 90° ST,UN,Industrial,,,1
CURVA ALUMINIO 3/4,UN,Industrial,,,12
CURVA DE 45° GRAUS DE A¿O CARB. ASTM SCH-40 DIAM. 4,UN,Industrial,,,1
CURVA FERRO GALVANIZADO 1 POL 90° FEMEA,UN,Industrial,,,40
CURVA PVC DE 3/4,UN,Industrial,,,15
CURVA PVC ROSCAVEL 1,UN,Industrial,,,1
CURVA PVC ROSCAVEL 1 1/4,UN,Industrial,,,17
CURVA PVC ROSCAVEL 1 1/4 P/ CONDUITE,UN,Industrial,,,13
CURVA PVC SOLDAVEL 50 mm,UN,Industrial,,,168
CURVA PVC 3,UN,Industrial,,,25
CURVA PVC 45 PRETO P ELETRODUTO,UN,Industrial,,,5
DEFENSA,UN,Industrial,,,18
DESCARREGADOR DE SURTO ELÉTRICO,UN,Industrial,,,4
DESENGRAXANTE,UN,Industrial,,,24
DESENGRAXANTE LIQUIDO (5LI),UN,Industrial,,,48
DESINCRUSTANTE,UN,Industrial,,,2
DESINFETANTE LIQUIDO CONCENTRADO 5 LI,un,Industrial,,,136
DESINGRIPANTE ANTICORROSIVO,UN,Industrial,,,93
DESINGRIPANTE SPRAY MP1,UN,Industrial,,,40
DILUENTE,UN,Industrial,,,8
DILUENTE PARA VERNIZ,UN,Industrial,,,12
DILUENTE TINTA AEROFLEX,UN,Industrial,,,40
DIODO,UN,Industrial,,,12
DISCO CORTE ALUMINIO 4 1/2 POL X 1/8 POL X 7/8 POL,UN,Industrial,,,100
DISCO DE CORTE BITOLA 4 1/2 POL X 7/8 POL X 1 MM,UN,Industrial,,,18
DISCO DE CORTE INOX 4 1/2 X 7/8,UN,Industrial,,,326
DISCO DE CORTE 10 X 1/8 X 3/4,UN,Industrial,,,105
DISCO DE CORTE 10 X 5/8 X 1/8,UN,Industrial,,,170
DISCO DE CORTE 12 X 1/8 X 5/8,UN,Industrial,,,213
DISCO DE CORTE 12 X 3/4 X 1/8,UN,Industrial,,,167
DISCO DE CORTE 12 X 5/8 X 1/8,UN,Industrial,,,16
DISCO DE CORTE 4 1/2 X 3/64 POL X 7/8 POL,UN,Industrial,,,90
DISCO DE CORTE 7,UN,Industrial,,,715
DISCO DE CORTE 7 X 1/8 X 7/8,UN,Industrial,,,97
DISCO DE DESBASTE 4 1/2 x 1/4 x 7/8,UN,Industrial,,,423
DISCO DE DESBASTE 7 x 1/4 x 7/8,UN,Industrial,,,748
DISCO DE LIXA Nº 80 TIPO FLAP,UN,Industrial,,,10
DISCO DE LIXA N16,UN,Industrial,,,50
DISCO DESBASTE AÇO 4 1/2 POL X 1/4 POL X 7/8 POL,UN,Industrial,,,80
DISCO DESBASTE 7,UN,Industrial,,,50
DISCO FLAP,UN,Industrial,,,162
DISCO FLAP 4 1/2 x 7/8,UN,Industrial,,,1482
DISCO FLAP 7,UN,Industrial,,,473
DISCO LIXA 7 POL GRAO 60,UN,Industrial,,,10
DISJUNTOR MONOFASICO DE 40A,UN,Industrial,,,1
DISJUNTOR STECK 50/60 HZ TRIFÁSICO,UN,Industrial,,,1
DISJUNTOR TERMOMAGNETICO DE 225A,UN,Industrial,,,1
DISJUNTOR TERMOMAGNETICO TRIPOLAR 60A,UN,Industrial,,,32
DISJUNTOR TRIFASICO DE 100 A,UN,Industrial,,,2
DISJUNTOR TRIFASICO DE 50 A,UN,Industrial,,,7
DISJUNTOR TRIFASICO DE 60 A,UN,Industrial,,,1
DISJUNTOR TRIFÁSICO 16A,UN,Industrial,,,7
DISJUNTOR TRIFASICO 350 A,UN,Industrial,,,1
DISJUNTOR TRIFASICO 40A,UN,Industrial,,,3
DISJUNTOR TRIPOLAR,UN,Industrial,,,8
DISJUNTOR TRIPOLAR 10A,UN,Industrial,,,7
DISJUNTOR TRIPOLAR 150A,UN,Industrial,,,3
DISJUNTOR TRIPOLAR 175A,UN,Industrial,,,0
DISJUNTOR UNIPOLAR 15A,UN,Industrial,,,6
DISJUNTOR 10A,UN,Industrial,,,95
DISJUNTOR 125A,UN,Industrial,,,14
DISJUNTOR 32A,UN,Industrial,,,1
DISJUNTOR 50A,UN,Industrial,,,70
DISJUNTOR 80A,UN,Industrial,,,6
DISPARADOR DE ALTA TENSAO 15/17 KV,UN,Industrial,,,3
DOBRADIÇA,UN,Industrial,,,4
DOBRADIÇA AÇO INOX 2 1/2 POL X 7/8 POL,UN,Industrial,,,1
DOBRADIÇA METÁLICA TIPO 184 3,UN,Industrial,,,20
EELEMENTO FILTRANTE,UN,Industrial,,,2
EIXO PROLONGADOR,UN,Industrial,,,1
EIXO PROPULSOR,UN,Industrial,,,1
ELASTOMETRO,UN,Industrial,,,1
ELEMENTO DE SEGURANÇA GUINDASTE,UN,Industrial,,,1
ELEMENTO DO FILTRO GUINDASTE,UN,Industrial,,,2
ELETROCALHA 10CMX3M,UN,Industrial,,,1
ELETRODO,KG,Industrial,,,162
"ELETRODO AÇO CARBONO 6013 2,5MM",KG,Industrial,,,304
"ELETRODO AÇO CARBONO 6013 3,25MM",KG,Industrial,,,164
"ELETRODO AÇO CARBONO 7018 2,5MM",KG,Industrial,,,0
"ELETRODO AÇO CARBONO 7018 3,25MM",KG,Industrial,,,2
ELETRODO ACO INOX AWS E 312-16 1/8 POL,KG,Industrial,,,50
"ELETRODO AÇO INOX 316 2,5 mm",KG,Industrial,,,72
"ELETRODO AWS 6010 2,5 mm",KG,Industrial,,,56
"ELETRODO 3,25 MM",UN,Industrial,,,30
"ELETRODO 6013 AWS 2,5",KG,Industrial,,,5
"ELETRODO 6013 AWS 3,5",KG,Industrial,,,207
"ELETRODO 6013 3,25mm",KG,Industrial,,,37
ELETRODO 7018 4mm,UN,Industrial,,,815
ELETRODUTO CORRUGADO TIPO KANAFLEX 4,ME,Industrial,,,9
ELETRODUTO CORRUGADO 3/4 50MT,ME,Industrial,,,109
Eletroduto galvanizado 1,UN,Industrial,,,7
Eletroduto PVC 1,UN,Industrial,,,99
ELO FUSIVEL ELETRICO,UN,Industrial,,,50
ELO FUSÍVEL 2H,UN,Industrial,,,20
ELO FUSÍVEL 5H,UN,Industrial,,,20
ELO FUSÍVEL 6K,UN,Industrial,,,60
ELO FUSÍVEL 8K,UN,Industrial,,,40
EMBALAGEM PARA QUENTINHA,UN,Industrial,,,9
EMENDA,UN,Industrial,,,10
ENXADAO,UN,Industrial,,,15
ESCOVA CARBONO,UN,Industrial,,,50
ESCOVA DE AÇO,UN,Industrial,,,19
ESCOVA DE AÇO C/CABO,UN,Industrial,,,22
ESGUICHO REGULAVEL 2 1/2 (LATÃO),UN,Industrial,,,1
ESPAÇADOR LOSANGULAR 15KV COM GARRA,UN,Industrial,,,154
ESPAGUETE LAQUEADO 3 mm,UN,Industrial,,,5
"ESPAGUETE REC. 1,6 -0,8",ME,Industrial,,,36
ESPAGUETE 1MM,ME,Industrial,,,90
ESPAGUETE 2MM,ME,Industrial,,,2
ESPATULA PARA PINTURA DE 2,UN,Industrial,,,1
ESPELHO RETOVISOR GUINDASTE,UN,Industrial,,,2
ESPONJA SINTÉTICA,UN,Industrial,,,24
ESPUMA EXPANSIVA DE POLIURETANO 500ML,UN,Industrial,,,22
ESQUADRO,UN,Industrial,,,10
ESTEIO DE CEDRINHO 4 X 12 X 12,UN,Industrial,,,33
ESTICADOR PARA CABO DE AÇO 3/8,UN,Industrial,,,10
ESTILETE AUTOMÁTICO EMBORRACHADO COM GUIA DE AÇO 18MM,UN,Industrial,,,33
ESTOJO ACO CARBONO 1/2 x 1 1/2 ALLEN 1/4,UN,Industrial,,,2
ESTOJO ACO INOX 9/16 x 3 RW,UN,Industrial,,,22
ESTOPA (SACO),UN,Industrial,,,24
FACA COMBATE,UN,Industrial,,,2
FAROL GUINDASTE,UN,Industrial,,,2
FECHADURA PARA BANHEIRO,UN,Industrial,,,12
FECHO ROLETE,UN,Industrial,,,9
FERRO SOLDAR,UN,Industrial,,,1
FILAMENTO,UN,Industrial,,,3
FILTRO COMBUSTIVEL PSC499,UN,Industrial,,,16
FILTRO DE AGUA,UN,Industrial,,,96
FILTRO DE AGUA P/ MOTOR,UN,Industrial,,,1
FILTRO DE AR GUINDATE,UN,Industrial,,,3
FILTRO DE AR KOMBI,UN,Industrial,,,2
FILTRO DE AR VEICULAR,UN,Industrial,,,42
FILTRO DE COMBUSTIVEL,UN,Industrial,,,6
FILTRO DE COMBUSTÍVEL GUINDASTE,UN,Industrial,,,4
FILTRO DE OLEO,UN,Industrial,,,11
FILTRO EM POLY POL 3/4 DE BRONZE,UN,Industrial,,,3
FILTRO MECANICO,UN,Industrial,,,18
FILTRO OLEO CLARK/MB PL-519,UN,Industrial,,,3
FILTRO OLEO LUBRIFICANTE,UN,Industrial,,,2
FILTRO REGULADOR,UN,Industrial,,,7
FILTRO SECADOR PARA FRIGORÍFICA 1/2,UN,Industrial,,,2
FILTRO SEPARADOR AGUA,UN,Industrial,,,10
"FIO CABO FLEXIVEL 1 X 1,5MM",RO,Industrial,,,1
FIO DE CHUMBO 1 mm,UN,Industrial,,,5
FIO DE CHUMBO 3 mm,CX,Industrial,,,8
FIO DE COBRE NU,ME,Industrial,,,2080
"FIO ELÉTRICO FLEXIVEL 1 x 2,5 mm 2",ME,Industrial,,,16
"FIO ELÉTRICO FLEXIVEL 2,5 C/ VER. AMIANTO",ME,Industrial,,,52
FIO ESMALTADO BITOLA 20 AWG COM 12KG,KG,Industrial,,,7
FIO FLEXIVEL AMARELO 1.5 MM,ME,Industrial,,,100
"FIO FLEXÍVEL DE 1,5MM",RO,Industrial,,,14
FIO NYLON 3MM,ME,Industrial,,,1
"FIO PARALELO 2 X 1,5MM",ME,Industrial,,,81
FITA ADESIVA MULTIUSO SILVER TAPE 48 X 50,UN,Industrial,,,73
FITA CREPE,UN,Industrial,,,7
FITA CREPE 25X50MM,UN,Industrial,,,151
FITA INOX 15 MM (ROLO C/ 50 MTS),UN,Industrial,,,1
FITA ISOLANTE ANTI-CHAMA,UN,Industrial,,,460
FITA ISOLANTE AUTA FUSAO,UN,Industrial,,,359
FITA ISOLANTE ELÉTRICA,UN,Industrial,,,138
FITA ISOLANTE 18MMX20UNS,UN,Industrial,,,215
FITA PLASTICA ZEBRADA P/ ISOLAMENTO,RL,Industrial,,,27
FITA PVC,UN,Industrial,,,238
"FITA PVC BRANCA TEXTIL 22MM X 0,45MM X 20M",UN,Industrial,,,90
FITA PVC ISOLAMENTO TÉRMICO P/ ISOTUBO,UN,Industrial,,,4
FITA VEDA ROSCA,UN,Industrial,,,350
FITA VEDA ROSCA (TEFLON) 18MM X 25M,UN,Industrial,,,108
FITA VEDA ROSCA 18MM X 10M,UN,Industrial,,,50
FIXA FIO DE 1 1/2 POL,UN,Industrial,,,6
FIXADOR,UN,Industrial,,,9
FLANGE FG DE 1/2 POL,UN,Industrial,,,2
FLANGE GALVANIZADO 1 1/2,UN,Industrial,,,34
FLANGE GALVANIZADO 2 1/2,UN,Industrial,,,9
FLANGE GALVANIZADO 3/4,UN,Industrial,,,52
FLANGE 1 GALVANIZADO PARA CAIXA DAGUA,UN,Industrial,,,1
FLANGEADOR,UN,Industrial,,,2
FLANGEADOR TUBO,UN,Industrial,,,1
FOICE ROCADEIRA SEM CABO,UN,Industrial,,,19
FONTE,UN,Industrial,,,2
FONTE ALIMENTACAO,UN,Industrial,,,5
FREIO OITO,UN,Industrial,,,4
FRESA,UN,Industrial,,,29
FRESA DE TOPO C/ 4 NAVALHAS 3/16,UN,Industrial,,,4
FRESA DE TOPO 1/2,UN,Industrial,,,5
FUSIVEL,UN,Industrial,,,12
FUSIVEL FACA - 20A,UN,Industrial,,,28
FUSÍVEL NH1- 160A,UN,Industrial,,,38
FUSÍVEL NH1-200A,UN,Industrial,,,47
FUSÍVEL NH3-425A,UN,Industrial,,,44
FUSÍVEL NH4 550A/600,UN,Industrial,,,36
FUSIVEL RETARDO TIPO FACA 250A 500V,UN,Industrial,,,15
FUSIVEL 10A,UN,Industrial,,,20
FUSÍVEL 100A 500V,UN,Industrial,,,9
FUSIVEL 16A,UN,Industrial,,,20
FUSIVEL 20 A,UN,Industrial,,,20
FUSIVEL 4A,UN,Industrial,,,20
FUSIVEL 6 AMP,UN,Industrial,,,19
FUSIVEL 6A,UN,Industrial,,,20
FUZIVEL 300A,UN,Industrial,,,47
GANCHO,UN,Industrial,,,45
GANCHO ANCORAGEM,UN,Industrial,,,4
GANCHO FIXADOR,UN,Industrial,,,23
GANCHO OLHAL,UN,Industrial,,,60
GANCHO OLHAL GALVANIZADO SUSPENSÃO 80MM,UN,Industrial,,,69
GARRA,UN,Industrial,,,4
GAS ACETILENO,UN,Industrial,,,33
GAS ACETILENO EM CILINDRO,UN,Industrial,,,15
GAS ARGONIO PURO,UN,Industrial,,,37
GAS OXIGENIO,UN,Industrial,,,1
GAS OXIGENIO EM CILINDRO,UN,Industrial,,,89
GAS REFRIGERANTE R-22,UN,Industrial,,,4
GAS REFRIGERANTE R-32,UN,Industrial,,,2
GÁS REFRIGERANTE R404,UN,Industrial,,,9
GÁS REFRIGERANTE R410,UN,Industrial,,,4
GÁS REFRIGERANTE TIPO R-134,UN,Industrial,,,3
GÁS R22,UN,Industrial,,,18
GÁS R410A,UN,Industrial,,,16
GAXETA,UN,Industrial,,,1
GAXETA ALGODÃO ENSEBADA 1/2,KG,Industrial,,,25
GAXETA ALGODÃO ENSEBADA 3/8,KG,Industrial,,,6
GAXETA CANHAMO ENSEBADA DIAM 3/8,UN,Industrial,,,8
GAXETA DE 3/4 POL,UN,Industrial,,,10
GAXETA ENSEBADA QUADRADA 1,KG,Industrial,,,3
GAXETA ENSEBADA 1/4,UN,Industrial,,,12
GAXETA FRAFITADA DIAM. 3/8,KG,Industrial,,,8
GAXETA GRAFITADA DIAM. 1/2,KG,Industrial,,,4
GAXETA GRAFITADA DIAM. 1/4,KG,Industrial,,,2
GAXETA GRAFITADA DIAM. 5/16,KG,Industrial,,,2
GAXETA GRAFITADA REDONDA 1/4,KG,Industrial,,,2
GAXETA 3/16,UN,Industrial,,,3
GAXETA 3/8,UN,Industrial,,,1
GAXETA 5/8,UN,Industrial,,,3
GIZ BRANCO,UN,Industrial,,,18
GLOBO ILUMINAÇÃO VERMELHO P/ MASTRO BANDEIRA,UN,Industrial,,,1
GLP ENVASADO,UN,Industrial,,,21
GRAMPO DE ANCORAGEM 15KV 50MM2,UN,Industrial,,,61
GRAMPO PAPEL,UN,Industrial,,,16
GRAXA,BU,Industrial,,,8
GRAXA DE FINALIDADE GERAL,UN,Industrial,,,14
GRAXA ESPECIAL PARA ROLAMENTO,UN,Industrial,,,8
GRAXA USO GERAL,UN,Industrial,,,31
HASTE PVC 1/2 P/ CHUVEIRO,UN,Industrial,,,4
HASTE SEGURANCA,UN,Industrial,,,2
HASTE TERRA CAMADA BAIXA 3/4 POL,UN,Industrial,,,42
HELICE,UN,Industrial,,,1
IGNITOR P/LAMPADA DE VP SODIO P/LAM,UN,Industrial,,,13
IMPERMEABILIZANTE P/ CAIXA D AGUA,GL,Industrial,,,15
INDICADOR DE ROTAÇÃO GUINDASTE,UN,Industrial,,,2
INSETICIDA AEROSOL,FC,Industrial,,,110
INTERRUPTOR BIPOLAR SIMPLES 1 SEÇÃO,UN,Industrial,,,21
INTERRUPTOR DE EMBUTIR 3T,UN,Industrial,,,10
INTERRUPTOR DE TRÊS SEÇÕES,UN,Industrial,,,3
INTERRUPTOR P/ VENTILADOR TETO,UN,Industrial,,,1
INTERRUPTOR SIMPLES 10A 250V,UN,Industrial,,,667
"INTERRUPTOR UMA TECLA SIMPLES, COM ESPELHO COR CINZA 10 AMP. X 250 V.",UN,Industrial,,,8
IRIEL LIGA/DESL 6 A 30V 125AC,UN,Industrial,,,6
"ISOLADOR ANCORAGEM, MATERIAL POLIMÉRICO, TENSÃO NOMINAL 15KV",UN,Industrial,,,80
ISOLADOR EPOXI 16 x 30 MM,UN,Industrial,,,69
ISOLADORES ELETRICO,UN,Industrial,,,40
ISOTUBO BLINDADO 1/2 X 10 MM,UN,Industrial,,,20
ISOTUBO 1/2,UN,Industrial,,,6
ISOTUBO 1/4,UN,Industrial,,,26
ISOTUBO 3/8,UN,Industrial,,,26
"JACK,PLUG",UN,Industrial,,,2
JOELHO AÇO GALVANIZADO 1/2 POL 90 GR RS,UN,Industrial,,,4
JOELHO COBRE 9/16,UN,Industrial,,,3
JOELHO DE PVC DE 20 MM SOLDÁVEL,UN,Industrial,,,194
JOELHO DE 45 GRAUS DE FERRO MALEÁVEL GALVANIZADO EXTREMIDADE ROSCADA ROSCA BSP DIÂMETRO 2,UN,Industrial,,,4
JOELHO DE 45 GRAUS DE FERRO MALEÁVEL GALVANIZADO EXTREMIDADE ROSCADA ROSCA BSP DIÂMETRO 3/4,UN,Industrial,,,8
JOELHO FERRO GALVANIZADO 1 1/2,UN,Industrial,,,61
JOELHO PVC 1/2 POL 90° SD COM BUCHA LATAO 20MM,UN,Industrial,,,4
JOELHO 40MM,UN,Industrial,,,540
JOGO BROCAS,JG,Industrial,,,2
JOGO DE BROCA AÇO RAPIDO,UN,Industrial,,,18
JOGO DE BROCAS DE AÇO RÁPIDO,JG,Industrial,,,7
"JOGO DE CHAVE ALLEN 10PEÇAS DE 1,5 A 10MM",UN,Industrial,,,7
JOGO DE CHAVE COMBINADA,UN,Industrial,,,12
JOGO DE CHAVE TORX,UN,Industrial,,,8
JOGO DE LONA DE FREIO,UN,Industrial,,,1
JOGO DE PASTILHAS,UN,Industrial,,,1
JOGO DE PEÇAS DO ELEMENTO DE SEG. GUINDASTE,UN,Industrial,,,2
JOGO DE SERRA COPO,UN,Industrial,,,1
JOGO PASTILHA,UN,Industrial,,,5
JOGO REPARO CILINDRO,UN,Industrial,,,3
JORGO MANIFOLD,UN,Industrial,,,1
JUNCAO,UN,Industrial,,,10
JUNTA COMPRESSOR AR,UN,Industrial,,,1
JUNTA VEDAÇÃO,UN,Industrial,,,30
LAMINA DE SERRA,UN,Industrial,,,47
LAMINA DE SERRA STARRET 1 X 12 POL,UN,Industrial,,,10
LAMINA SERRA MANUAL,UN,Industrial,,,33
LAMINA SERRA MANUAL FLEX 12IN 24 DENTES,UN,Industrial,,,69
LAMINA SERRA MANUAL 12 X 24 DENTES P/PG,AR,Industrial,,,155
LAMPADA DE LED EKOLED BULBO 12W 6000K,UN,Industrial,,,158
LAMPADA FLUORESCENTE 20W,UN,Industrial,,,145
LAMPADA PARA PROJETOR 150 WATTS,UN,Industrial,,,12
LAMPADA VAP MERCURIO 220V 400W E-40,UN,Industrial,,,2
LAMPADA VAPOR DE MERCURIO 100,UN,Industrial,,,16
LANTERNA DE LED SWAT - REF N-626,UN,Industrial,,,10
LED,UN,Industrial,,,9
LEITORA,UN,Industrial,,,1
"LENÇOL DE BORRACHA PRETA CPM 1,00 X",UN,Industrial,,,1
LENCOL ISOLANTE,UN,Industrial,,,2
LENTE,UN,Industrial,,,16
LENTE PARA ÓCULOS INDUSTRIAL,UN,Industrial,,,50
LENTE RETANGULAR OCULOS MAÇARIQUEIRO NR 6,UN,Industrial,,,2
LIMA CHATA BASTARDA 305MM (12 POL),UN,Industrial,,,2
LIMA CHATA MURCA 254MM (10 POL),UN,Industrial,,,12
LIMA MEIA CANA BASTARDA 10IN,UN,Industrial,,,3
LIMA QUADRADA,UN,Industrial,,,3
LIMA REDONDA,UN,Industrial,,,14
LIMA REDONDA DE 6,UN,Industrial,,,6
LIMPA CONTATO,UN,Industrial,,,30
LIMPA CONTATO AEROSOL,LA,Industrial,,,27
LIMPADOR MULTIUSO,FC,Industrial,,,1
LINHA DE NYLON NR 100,UN,Industrial,,,30
LINHA NYLON TRANCADA 10MM,UN,Industrial,,,4
LINHA NYLON TRANCADO 1MM,UN,Industrial,,,5
LINHA PARA COSTURAR LIVRO,RO,Industrial,,,1
LIQUIDO LIMPADOR REMOVEDOR,UN,Industrial,,,1
LIQUIDO PARA LIMPEZA DE AR CONDICIONADO,GL,Industrial,,,10
LIXA DE FERRO Nº 150,UN,Industrial,,,298
LIXA DE FERRO Nº 50,UN,Industrial,,,39
LIXA FERRO Nº 100,UN,Industrial,,,280
LIXA FERRO Nº 60,FL,Industrial,,,56
LIXA FERRO NR 120,UN,Industrial,,,515
LIXA FERRO NR 180,UN,Industrial,,,675
LIXA FERRO NR 200,UN,Industrial,,,9
LIXA FERRO NR 220,UN,Industrial,,,220
LIXA FERRO NR 40,UN,Industrial,,,80
LIXA FERRO NR 400,UN,Industrial,,,31
LIXA P/ FERRO NR 180,UN,Industrial,,,43
LOCTITE 271 TRAVA PESADO 50 GRAMAS,UN,Industrial,,,7
LONA DE FREIO TRASEIRO,UN,Industrial,,,1
LONA PLASTICA,ME,Industrial,,,656
LUBRIFICANTE AEROSOL - WD 40,UN,Industrial,,,97
LUBRIFICANTE SOLIDO,UN,Industrial,,,5
LUMINARIA ALUMINIO MASTRO C/ VIDRO BRANCO,UN,Industrial,,,4
LUMINARIA ALUMINIO MASTRO C/ VIDRO VERMELHO,UN,Industrial,,,1
LUMINARIA COM VIDRO E GRADE C/ LAMP. COMPACTA 16W 220V E-27,UN,Industrial,,,7
LUMINARIA DE EMERGENCIA,UN,Industrial,,,2
LUMINARIA ESMALTADA 30 cm,UN,Industrial,,,3
LUMINARIA FLUORESCENTE,UN,Industrial,,,67
LUMINARIA TIPO SPOT PARA JARDIM,UN,Industrial,,,65
LUVA,UN,Industrial,,,100
LUVA AÇO GALVANIZADO 1 POL RS,UN,Industrial,,,1
LUVA AÇO SEM COSTURA 1 POL X 3/4 POL RS,UN,Industrial,,,7
LUVA AÇO SEM COSTURA 1 1/2 POL ST,UN,Industrial,,,8
LUVA AÇO SEM COSTURA 1/2 POL RS,UN,Industrial,,,9
LUVA AÇO SEM COSTURA 4 POL RS,UN,Industrial,,,3
LUVA BORRACHA,PR,Industrial,,,17
LUVA COBRE 1,UN,Industrial,,,9
LUVA COBRE 3/8,UN,Industrial,,,19
LUVA COURO CANO CURTO,PR,Industrial,,,36
LUVA DE AÇO CARBONO FORJADO ASTM A-105 GR II SERIE 2000 ROSCADA ROSCA BSP DIÂMETRO 2.1/2,UN,Industrial,,,1
LUVA DE AÇO CARBONO FORJADO ASTM A-105 GR II SERIE 2000 ROSCADA ROSCA BSP DIÂMETRO 3/4,UN,Industrial,,,5
LUVA DE CORRER SOLDAV,UN,Industrial,,,22
LUVA DE FERRO GALVANIZADO 1,UN,Industrial,,,44
LUVA DE FERRO GALVANIZADO 1 1/2,UN,Industrial,,,15
LUVA DE FERRO GALVANIZADO 1.1/4,UN,Industrial,,,8
LUVA DE FERRO GALVANIZADO 3/4,UN,Industrial,,,32
LUVA DE FERRO MALEÁVEL GALVANIZADO ROSCADA ROSCA BSP DIÂMETRO 1/2,UN,Industrial,,,92
LUVA DE FERRO MALEÁVEL GALVANIZADO ROSCADA ROSCA BSP DIÂMETRO 2,UN,Industrial,,,2
LUVA DE FERRO MALEÁVEL GALVANIZADO ROSCADA ROSCA BSP DIÂMETRO 3/8,UN,Industrial,,,386
LUVA DE LATÃO DE REDUÇÃO DE ENCAIXE DIÂMETRO 1.1/2 X 3/4,UN,Industrial,,,11
LUVA DE LATÃO DE REDUÇÃO DE ENCAIXE DIÂMETRO 1.1/4 X 3/4,UN,Industrial,,,10
LUVA DE LATEX NITRILICO,UN,Industrial,,,66
LUVA DE PVC COM REDUCAO CONCENTRICA SOLDAVEL MARROM 32MM X 25MM,UN,Industrial,,,5
LUVA DE PVC SOLDAVEL MARROM 20 MM,UN,Industrial,,,200
LUVA DE PVC 1 1/4,UN,Industrial,,,20
LUVA DE PVC 1/2,UN,Industrial,,,86
LUVA DE PVC 3/4,UN,Industrial,,,13
LUVA DE RASPA 10 POLEGADAS,PR,Industrial,,,86
LUVA DE REDUÇÃO DE AÇO CARBONO FORJADO ASTM A-105 GR II SERIE 2000 DE ENCAIXE DIÂMETRO 1.1/4 X 1/2,UN,Industrial,,,9
LUVA DE REDUÇÃO DE AÇO CARBONO FORJADO ASTM A-105 GR II SERIE 2000 DE ENCAIXE DIÂMETRO 2.1/2 X 1.1/2,UN,Industrial,,,5
LUVA DE REDUÇÃO DE FERRO MALEÁVEL NÃO ZINCADO ROSCADA ROSCA BSP DIÂMETRO 1 X 1/2,UN,Industrial,,,5
LUVA FERRO GALVANIZADO 1 1/2 POL RS,UN,Industrial,,,11
LUVA FERRO 1 POL.,UN,Industrial,,,2
LUVA GALVANIZADA COM REDUÇÃO 2 x 1,UN,Industrial,,,15
LUVA GALVANIZADA COM REDUCAO 2 x 1/2,UN,Industrial,,,9
LUVA GALVANIZADA 1 1/4,UN,Industrial,,,16
LUVA GALVANIZADA 2 1/2,UN,Industrial,,,6
LUVA GALVANIZADA 3/4 BSP,UN,Industrial,,,10
LUVA PARA CANALETA 20 X 10,UN,Industrial,,,84
LUVA PVC COM REDUCAO 1 x 3/4,PA,Industrial,,,66
LUVA PVC FEMEA 100 mm,UN,Industrial,,,4
LUVA PVC SOLDAVEL 25MM,UN,Industrial,,,2
LUVA PVC 1 POL,UN,Industrial,,,12
LUVA PVC 100 mm SOLDAVEL,UN,Industrial,,,1
LUVA PVC 2,UN,Industrial,,,47
LUVA PVC 2 PARA ELETRODUTO,UN,Industrial,,,36
LUVA PVC 40 MM SOLDAVEL,UN,Industrial,,,14
LUVA PVC 75 x 60 mm SOLDAVEL,UN,Industrial,,,1
LUVA PVC 85 mm,UN,Industrial,,,5
LUVA RED SOLD 25X20MM,UN,Industrial,,,5
LUVA. SOLD 32MM,UN,Industrial,,,8
LUVA SOLDAVEL 25 mm,UN,Industrial,,,189
MACACO ESTICADOR DE A¿O GALV. 3/8,UN,Industrial,,,2
MACACO ESTICADOR 3/4,UN,Industrial,,,1
MACARICO DE SOLTA,UN,Industrial,,,1
"MAÇARICO SOLDA, TIPO GÁS MAPP PORTÁTIL",UN,Industrial,,,1
MACHO AÇO RÁPIDO DE 11 X 5/8 (JOG,UN,Industrial,,,3
MACHO AÇO RAPIDO 12 FIOS 1/2,UN,Industrial,,,4
MACHO AÇO RAPIDO 18 FIOS 5/16,UN,Industrial,,,59
MACHO DE AÇO RÁPIDO 1 8 FIOS,UN,Industrial,,,3
MANDRIL,UN,Industrial,,,2
MANDRIL COLOCAÇÃO JUNTA,UN,Industrial,,,2
MANDRIL E CHAVE 20P J3 B22,UN,Industrial,,,3
MANGA DE ISOL,UN,Industrial,,,2
MANGOTE,UN,Industrial,,,2
MANGOTE LONADA 1/2 x 5 m C/ ROSCA,UN,Industrial,,,1
MANGOTE LONADA 1/2 x 6 m C/ ROSCA,UN,Industrial,,,1
MANGUEIRA,UN,Industrial,,,31
MANGUEIRA BORRACHA PRETA 3 LONAS 2 1/2 POL,ME,Industrial,,,287
MANGUEIRA CRISTAL 1/2,RO,Industrial,,,4
MANGUEIRA CRISTAL 5/8,UN,Industrial,,,60
MANGUEIRA DRENO 703A95050800,ME,Industrial,,,40
MANGUEIRA ESPIRAL 1/4,ME,Industrial,,,69
MANGUEIRA OXIGENIO,ME,Industrial,,,100
MANGUEIRA VACUO LIMPADOR,UN,Industrial,,,1
MANIFOLD,UN,Industrial,,,14
MANILHA,UN,Industrial,,,27
MANILHA SAPATILHA,UN,Industrial,,,53
MANÔMETRO PRESSÃO DE 100 MM ESCALA 0 A 300 LBS/POL,UN,Industrial,,,1
MANTA AUTO-ADESIVA MULTIUSO,UN,Industrial,,,4
MANTA FIBRA DE VIDRO 450,CX,Industrial,,,1
MARRETA,UN,Industrial,,,2
MARRETA 1KG,UN,Industrial,,,6
MARTELO,UN,Industrial,,,1
MARTELO BOLA 1000G,UN,Industrial,,,4
MARTELO MANUAL,UN,Industrial,,,1
MASCARA DE SOLDA C/VISOR ARTICULADO,UN,Industrial,,,15
MASCARA SOLDADOR,UN,Industrial,,,2
MASSA CORRIDA PVA 18LI,LA,Industrial,,,24
MASSA EPOXI,LA,Industrial,,,31
MECANISMO CARREGAMENTO DISJUNTOR DE MEDIA,UN,Industrial,,,1
MEDIDOR DE FATOR DE POTÊNCIA,UN,Industrial,,,1
MEDIDOR DE PRESSAO DE OLEO ATE 15,UN,Industrial,,,8
"METALON 15 x 15 x 1,20 mm AÇO SAE 1020",UN,Industrial,,,14
"METALON 20 x 20 x 0,80 mm AÇO SAE 1020",UN,Industrial,,,78
"METALON 40 x 40 x 1,20 mm AÇO SAE 1020",UN,Industrial,,,9
"METALON 50 x 20 x 1,20 mm AÇO SAE 1020",UN,Industrial,,,37
METALON 50 x 30,UN,Industrial,,,32
MINI DISJUNTOR MONO 10A,UN,Industrial,,,5
MISTURADOR,UN,Industrial,,,3
MOITAO GALVANIZADO 5 POL PARA CABO ¾ POL,UN,Industrial,,,3
MOLA,UN,Industrial,,,8
MOLA COMPRESSÃO,UN,Industrial,,,1
MOLA MARTELO,UN,Industrial,,,10
MOSQUETÃO,UN,Industrial,,,3
MUFLA,UN,Industrial,,,20
NIPLE,UN,Industrial,,,11
NIPLE AÇO SEM COSTURA 2 POL RS,UN,Industrial,,,13
NIPLE BRONZE 3/8,UN,Industrial,,,12
NIPLE DE AÇO CARBONO FORJADO ASTM A-105 ROSCADA ROSCA BSP DIÂMETRO 1.1/2,UN,Industrial,,,14
NIPLE DE AÇO CARBONO FORJADO ASTM A-105 ROSCADA ROSCA NPT DIÂMETRO 2.1/2,UN,Industrial,,,2
NIPLE DE FERRO GALVANIZADO ANIZADO 3/4,UN,Industrial,,,16
NIPLE DE FERRO GALVANIZADO 1,UN,Industrial,,,1
NIPLE DE FERRO GALVANIZADO 3,UN,Industrial,,,10
NIPLE DE FERRO GALVANIZADO 4,UN,Industrial,,,1
NIPLE DUPLO MACHO 2 1/2 X 2 1/2 POL,UN,Industrial,,,8
NIPLE FERRO GALVANIZADO 1 POL RS,UN,Industrial,,,10
NIPLE FERRO GALVANIZADO 1/2 POL RS,UN,Industrial,,,11
NIPLE GALVANIZADO FERRO MALEAVEL 150 LBS - BSP - 1,UN,Industrial,,,10
NIPLE GALVANIZADO FERRO MALEAVEL 150 LBS - BSP - 1 1/2,UN,Industrial,,,5
NIPLE GALVANIZADO 3,UN,Industrial,,,4
NIPLE PVC 3,UN,Industrial,,,1
NIPLE 1/4 BSPT,UN,Industrial,,,9
Nitrato de Zircônio Penta-Hidratado,KG,Industrial,,,100
NITROGENIO,UN,Industrial,,,1
NIVEL DE ALUMINIO14,UN,Industrial,,,8
OCULOS,UN,Industrial,,,27
OCULOS DE PROTEÇÃO TIPO AMPLA VISÃO,UN,Industrial,,,34
OCULOS PROTEÇAO,UN,Industrial,,,194
OCULOS PROTETOR,UN,Industrial,,,5
OLEO LUBRIFICANTE,UN,Industrial,,,22
OLEO LUBRIFICANTE COMPRESSOR,BU,Industrial,,,5
OLEO LUBRIFICANTE COMPRESSOR REFRIGERACAO,UN,Industrial,,,15
OLEO MINERAL ASSOCIADO,LI,Industrial,,,14
Oleo preservativo composto anticorrosivo,UN,Industrial,,,79
ÓLEO 2 TEMPOS COMUM 500 ML,UN,Industrial,,,7
OLHAL ROSCADO,UN,Industrial,,,62
OLHO DE GATO VERMELHO VTR OPERATIVA,UN,Industrial,,,5
ORING,UN,Industrial,,,9
PÁ PARA CALDEIRÃO EM POLIETILENO 120 CM,UN,Industrial,,,10
PÁ PARA CALDEIRÃO EM POLIETILENO 80 CM,UN,Industrial,,,10
PÁ QUADRADA PARA AREIA,UN,Industrial,,,2
PÁ REDONDA PARA AREIA,UN,Industrial,,,1
PAINEL COMANDO,UN,Industrial,,,8
PAINEL CONTROLE GERADOR,UN,Industrial,,,1
PAPEL VOLUMOIDE 1 /32,ME,Industrial,,,2
PAPELAO GUARNITAL 1/16 POL,UN,Industrial,,,1
PAPELAO GUARNITAL 1/32,ME,Industrial,,,2
PAPELAO VOLUMOIDE 1/16,ME,Industrial,,,22
PAR AÇO INOX CAB SEXTAVADO 1/4 X 1/2,UN,Industrial,,,50
PAR. CAB. LIM. 1/4 X 2,UN,Industrial,,,200
PAR. CAB. SEXT. 1/4 X 1,UN,Industrial,,,74
PAR. CAB. SEXT. 5/16 X 3/4,UN,Industrial,,,1
PARAF. AÇO CARB. CAB. SEXT. 1/2 X 1 1/2 R W T. 12 FIOS,UN,Industrial,,,187
PARAF. AÇO CARB. CAB. SEXT. 1/4 X 3/4 ROSCA W T. 20 FIOS,UN,Industrial,,,8
PARAF. AÇO CARB. CAB. SEXT. 1/4 X 3/8 ROSCA TOTAL 20 FIOS,UN,Industrial,,,21
PARAF. AÇO CARB. CAB.SEXT. 1/4 X 1 ROSCA W TOTAL 20 F,UN,Industrial,,,256
PARAF. AÇO CARB.CAB. SEXT. 5/8 X 2 1/2 ROSCA W T. 11 FIOS,UN,Industrial,,,1
PARAF ACO CARBONO 1 x 10 CAB SEXTAVADA,UN,Industrial,,,10
PARAF. AÇO CARBONO 1/2 x 1 1/4 CAB. SEXTAVADA,UN,Industrial,,,5
PARAF. AÇO CARBONO 1/2 x 1 3/8 CAB. FRANCESA C/ PORCAS,UN,Industrial,,,155
PARAF ACO CARBONO 1/2 x 2 CAB FRANCESA,UN,Industrial,,,40
PARAF. AÇO CARBONO 1/2 x 3/4 CAB. SEXTAVADA,UN,Industrial,,,62
PARAF ACO CARBONO 1/4 x 1 1/8 CAB FRANCESA,UN,Industrial,,,81
PARAF AÇO CARBONO 1/4 x 2 1/2 CAB FRANCESA,UN,Industrial,,,300
PARAF. AÇO CARBONO 1/4 x 3 CAB. FRANCESA,UN,Industrial,,,2
PARAF ACO CARBONO 1/4 x 3/4 CAB REDONDA,UN,Industrial,,,14
PARAF ACO CARBONO 1/4 x 3/4 CAB SEXT. C/ PORCAS E ARRUELAS,UN,Industrial,,,8
PARAF ACO CARBONO 3/16 x 1 3/8 CAB CHATA C/ FENDA,UN,Industrial,,,1
PARAF. AÇO CARBONO 3/16 x 3 1/2 CAB. FRANCESA,UN,Industrial,,,13
PARAF. AÇO CARBONO 3/16 x 7/16 CAB RED C/ FENDA,UN,Industrial,,,53
PARAF. AÇO CARBONO 3/4 x 4 CAB. FRANCESA,UN,Industrial,,,64
PARAF ACO CARBONO 3/8 x 1 CAB CHATA C/ FENDA,UN,Industrial,,,28
PARAF. AÇO CARBONO 3/8 x 1 CAB. FRANCESA,UN,Industrial,,,179
PARAF ACO CARBONO 3/8 x 3 CAB FRANCESA,UN,Industrial,,,25
PARAF ACO CARBONO 3/8 x 7/16 CAB SEXTAVADA,UN,Industrial,,,1
PARAF. AÇO CARBONO 5/16 x 1 CAB CHATA,UN,Industrial,,,220
PARAF. AÇO CARBONO 5/16 x 1 1/2 CAB. FRANCESA,UN,Industrial,,,16
PARAF. AÇO CARBONO 5/16 x 2 1/2 CAB. FRANCESA,UN,Industrial,,,1
PARAF. AÇO CARBONO 5/8 x 9/16 CAB. SEXTAVADA C/ PORCAS,UN,Industrial,,,20
PARAF. AÇO CARBONO 7/16 x 3 CAB. SEXTAVADA,UN,Industrial,,,100
PARAF. AÇO CARBONO 7/8 x 1 1/2 CAB. SEXTAVADA,UN,Industrial,,,27
PARAF ACO CARBONO 8 mm x 1 1/2 CAB SEXTAVADA,UN,Industrial,,,1
PARAF ACO CAROBONO 1/4 x 1/2 CAB SEXTAVADA,UN,Industrial,,,168
PARAF. AÇO GALV. CAB. SEXT. 3/8 X 1 ROSCA W T. 16 FIOS,UN,Industrial,,,2
PARAF. AÇO GALV. CAB. SEXT. 5/8 X 2 1/2 ROSCA W T. 11 FIOS,UN,Industrial,,,20
PARAF. AÇO GALVANIZADO 1 x 5 CAB. SEXTAVADA,UN,Industrial,,,9
PARAF ACO GALVANIZADO 1 1/2 x 5/32 CAB REDONDA,UN,Industrial,,,30
PARAF ACO GALVANIZADO 1/2 x 1 CAB SEXTAVADA 12 FIOS,UN,Industrial,,,65
PARAF. AÇO GALVANIZADO 1/4 x 1 CAB. PANELA C/ FENDA,UN,Industrial,,,38
PARAF ACO GALVANIZADO 1/4 x 1 1/2 CAB FRANC C/PORC E ARRUELAS,UN,Industrial,,,16
PARAF. AÇO GALVANIZADO 1/4 x 1 1/2 CAB. FRANCESA,UN,Industrial,,,7
PARAF ACO GALVANIZADO 1/4 x 1/2 CAB SEXTAVADA,UN,Industrial,,,5
PARAF ACO GALVANIZADO 1/4x 1/2 CAB REDONDA C/ FENDA,UN,Industrial,,,1
"PARAF. AÇO GALVANIZADO 2,5 mm x 30 mm CAB. CHATA C/ FENDA",UN,Industrial,,,20
"PARAF. AÇO GALVANIZADO 2,7 mm x 40 mm CAB. CHATA C/ FENDA",UN,Industrial,,,64
PARAF ACO GALVANIZADO 3 mm x 20 mm CAB PANELA C/ FENDA,UN,Industrial,,,4
PARAF ACO GALVANIZADO 3 mm x 25 mm CAB PANELA,UN,Industrial,,,51
PARAF. AÇO GALVANIZADO 3 mm x 43 mm CAB. CHATA C/ FENDA,UN,Industrial,,,39
PARAF. AÇO GALVANIZADO 3/16 x 1 CAB. CHATA,UN,Industrial,,,417
"PARAF ACO GALVANIZADO 3,5 mm x 23 mm CAB CHATA C/ FENDA",UN,Industrial,,,1
"PARAF. AÇO GALVANIZADO 3,8 mm x 45 mm CAB. CHATA C/ FENDA",UN,Industrial,,,11
PARAF ACO GALVANIZADO 3/8 X 1 CAB CHATA C/ FENDA,UN,Industrial,,,26
PARAF ACO GALVANIZADO 3/8x 1 1/4 CAB REDONDA C/ FENDA,UN,Industrial,,,2
PARAF ACO GALVANIZADO 4 mm CAB CHATA C/ FENDA,UN,Industrial,,,15
PARAF. AÇO GALVANIZADO 4 mm x 24 mm CAB. PANELA,UN,Industrial,,,91
PARAF ACO GALVANIZADO 4 mm x 25 mm CAB PANELA C/ FENDA,UN,Industrial,,,1
PARAF ACO GALVANIZADO 4 mm x 36 mm CAB PANELA,UN,Industrial,,,2
PARAF ACO GALVANIZADO 4 mm x 38 mm CAB CHATA C/ FENDA,UN,Industrial,,,130
PARAF ACO GALVANIZADO 4 mm x 38 mm CAB PANELA C/ FENDA,UN,Industrial,,,1
PARAF ACO GALVANIZADO 4 mm x 44 mm CAB CHATA C/ FENDA,UN,Industrial,,,15
"PARAF. AÇO GALVANIZADO 4,2 mm x 16 mm ROSCA SOBERBA",UN,Industrial,,,800
"PARAF. AÇO GALVANIZADO 4,3 mm x 48 mm CAB. CHATA C/ FENDA",UN,Industrial,,,39
"PARAF ACO GALVANIZADO 4,3 x 50 mm CAB REDONDA",UN,Industrial,,,9
"PARAF. AÇO GALVANIZADO 4,5 mm x 40 mm CAB. CHATA C/ FENDA",UN,Industrial,,,80
PARAF ACO GALVANIZADO 5 mm x 10 mm CAB SEXTAVADA,UN,Industrial,,,29
PARAF ACO GALVANIZADO 5 mm x 4 mm CAB PANELA,UN,Industrial,,,3
PARAF. AÇO GALVANIZADO 5 mm x 44 mm CAB. PANELA C/ FENDA,UN,Industrial,,,103
PARAF ACO GALVANIZADO 5 mm x 5 CAB PANELA C/ FENDA,UN,Industrial,,,1
PARAF ACO GALVANIZADO 5 mm x 60 mm CAB CHATA C/ FENDA,UN,Industrial,,,1
PARAF AÇO GALVANIZADO 5/16 x 1 1/2 CAB SEXTAVADA,UN,Industrial,,,100
PARAF AÇO GALVANIZADO 5/16 x 1/2 CAB SEXTAVADA,UN,Industrial,,,4
PARAF ACO GALVANIZADO 5/16 x 2 CAB REDONDA C/ FENDA,UN,Industrial,,,1
PARAF. AÇO GALVANIZADO 5/16 x 7/8 CAB. CHATA C/ FENDA,UN,Industrial,,,154
PARAF ACO GALVANIZADO 5/16x 1 CAB REDONDA C/ FENDA,UN,Industrial,,,1
"PARAF ACO GALVANIZADO 5,3 mm x 6,3 mm CAB CHATA C/ FENDA",UN,Industrial,,,1
"PARAF ACO GALVANIZADO 5,3 mm x 65 mm CAB CHATA C/ FENDA",UN,Industrial,,,1
PARAF ACO GALVANIZADO 5/8 X 1 CAB SEXTAVADA 11 FIOS,UN,Industrial,,,5
PARAF ACO GALVANIZADO 6 mm x 36 mm CAB PHILLIPS,UN,Industrial,,,12
PARAF ACO GALVANIZADO 6 mm x 50 mm CAB CHATA C/ FENDA,UN,Industrial,,,10
PARAF. AÇO GALV.CAB. SEXT. 1/2 X 1 1/2 ROSCA W T. 12 FIOS,UN,Industrial,,,52
PARAF. AÇO INOX CAB. SEXT. 1/2 X 1 1/2 ROSCA W T. 12 FIOS,UN,Industrial,,,2
PARAF. AÇO INOX CAB. SEXT. 1/2 X 2 ROSCA W TOTAL 12 FIOS,UN,Industrial,,,1
PARAF. AÇO INOX CAB. SEXT. 3/8 X 1 ROSCA W TOTAL 16 FIOS,UN,Industrial,,,81
PARAF ACO INOX 1/2 x 1 3/4 CAB CHATA C/ FENDA,UN,Industrial,,,41
"PARAF. AÇO INOX 12 x 1,5 x 35",UN,Industrial,,,38
PARAF ACO INOX 1/4 x 2 CAB FRANCESA,UN,Industrial,,,25
PARAF ACO INOX 3/16 x 2 1/2 CAB CHATA C/ FENDA 24 FIOS,UN,Industrial,,,4
PARAF ACO INOX 3/4 x 1 CAB SEXTAVADA 10 FIOS,UN,Industrial,,,12
PARAF ACO INOX 3/4 x 6 CAB SEXTAVADA,UN,Industrial,,,4
PARAF ACO INOX 3/8 x 1 CAB REDONDA C/ FENDA,UN,Industrial,,,61
PARAF ACO INOX 7/16 x 1 CAB SEXTAVADA,UN,Industrial,,,5
PARAF BRONZE 5 mm x 45 mm CAB CHATA C/ FENDAS,UN,Industrial,,,1
PARAF C/ BUCHA S-6,UN,Industrial,,,265
PARAF. LATÃO CAB. SEXT. 1/4 X 1/2 ROSCA W TOTAL 20 FIOS,UN,Industrial,,,120
PARAF. LATÃO CAB. SEXT. 1/4 X 3/4 ROSCA W T. 20 FIOS,UN,Industrial,,,90
PARAF. LATÃO 1/4 x 1/2 CAB. REDONDA,UN,Industrial,,,74
PARAF LATAO 1/8 x 1 CAB REDONDA C/ FENDAS,UN,Industrial,,,109
PARAF LATAO 1/8 x 1/2,UN,Industrial,,,6
PARAF LATAO 3/16 x 1 CAB REDONDA C/ FENDAS,UN,Industrial,,,2
PARAF. LATÃO 3/16 x 1/2 CAB. SEXTAVADA,UN,Industrial,,,144
PARAF LATAO 3/16 x 3/8 CAB CHATA C/ FENDAS,UN,Industrial,,,12
"PARAF. LATÃO 3,5 mm x 30 mm CAB. CHATA C/ FENDA",UN,Industrial,,,23
PARAF. LATÃO 3/8 x 1 1/2 CAB. CHATA C/ FENDA,UN,Industrial,,,27
PARAF. LATÃO 4 mm x 47 mm CAB. CHATA C/ FENDA,UN,Industrial,,,61
"PARAF LATAO 4,5 mm x 26mm CAB CHATA C/ FENDAS",UN,Industrial,,,5
PARAF LATAO 5/8 x 1/2 CAB REDONDA C/ FENDAS,UN,Industrial,,,1
PARAF. LATÃO 6 mm PHILLIPS CAB. PANELA,UN,Industrial,,,100
PARAF P/BUCHA S-8,UN,Industrial,,,554
PARAF SEXT.AÇO INOX 5/8 X 3,UN,Industrial,,,60
PARAF ZINCADO 1/4 x 1 CAB CHATA PHILLIPS,UN,Industrial,,,32
PARAF ZINCADO 1/4 x 100mm CAB SEXTAVADA,UN,Industrial,,,7
"PARAF. ZINCO 6,1 mm x 100 mm CAB. CHATA C/ FENDA",UN,Industrial,,,64
PARAFUSO,UN,Industrial,,,298
PARAFUSO AÇO CARBONO CAB. SEXT. 3/4 X 4 RP 10 FIOS,UN,Industrial,,,47
"PARAFUSO AÇO CS RMT 10MM X 22MM 1,5MM FIOS",UN,Industrial,,,48
PARAFUSO AÇO CS RWT 3/8 POL X 1/2 POL,UN,Industrial,,,233
PARAFUSO AÇO INOX CAB. SEXT. 1/2 X 2 1/2 RP 12 FIOS,UN,Industrial,,,22
PARAFUSO AÇO INOX CAB. SEXT. 1/4 X 1 ROSCA W T. 20 FIOS,UN,Industrial,,,51
PARAFUSO AÇO INOX CAB. SEXT. 5/8 X 3 R. TOTAL 11 FIOS,UN,Industrial,,,12
PARAFUSO AÇO INOX CCF RWT 3/8 POL X 1 POL,UN,Industrial,,,154
PARAFUSO AÇO INOX CS RMT 16MM X 55MM,UN,Industrial,,,140
PARAFUSO AÇO INOX CS RWP 5/8 POL X 3 POL,UN,Industrial,,,150
PARAFUSO AÇO INOX CS RWT 1/4 POL X 1 1/2 POL,UN,Industrial,,,4
PARAFUSO AÇO INOX CS RWT 1/4 POL X 3 POL,UN,Industrial,,,45
PARAFUSO AÇO INOX CS RWT 3/8 POL X 2 POL,UN,Industrial,,,622
PARAFUSO CAB CIL SEX INT M 4 X 20 AÇO,UN,Industrial,,,94
PARAFUSO CABEÇA ABAULADA DE 100MM,UN,Industrial,,,258
PARAFUSO CABEÇA ABAULADA DE 150MM,UN,Industrial,,,86
PARAFUSO CABEÇA QUADRADA RWT 5/16 POL X 1/4 POL,UN,Industrial,,,9
PARAFUSO DE CABEÇA QUADRADA 150MM,UN,Industrial,,,72
PARAFUSO DE CABEÇA QUADRADA 200MM,UN,Industrial,,,10
PARAFUSO DE CABEÇA QUADRADA 350MM,UN,Industrial,,,258
PARAFUSO DE ROSCA DUPLA 350MM,UN,Industrial,,,14
PARAFUSO FENDA 5/8 PG,UN,Industrial,,,166
PARAFUSO FG-CS-RW 3/4 X 5 POL,UN,Industrial,,,252
PARAFUSO IN-CS-MA 10 X 13MM,UN,Industrial,,,12
PARAFUSO JUNÇAO ELETROCALHA 50MM X 50MM,UN,Industrial,,,60
PARAFUSO LATÃO CAB. SEXT. 9/16 X 3 RP 12 FIOS,UN,Industrial,,,4
PARAFUSO LATAO CCF RST 1/8 POL X 1 POL,UN,Industrial,,,100
PARAFUSO MADEIRA,UN,Industrial,,,80
PARAFUSO MAQUINA,UN,Industrial,,,36
PARAFUSO PHILIPS,UN,Industrial,,,150
PARAFUSO SEX. ACO GALV. ( 3/4 X 2 ),UN,Industrial,,,264
PARAFUSO SEXTAVADA,UN,Industrial,,,250
PARAFUSO SEXTAVADO,UN,Industrial,,,749
"PARAFUSO SEXTAVADO, ISO 4017 - M8X15-5.6-A",UN,Industrial,,,9
PARAFUSO SEXTAVADO M10X35,UN,Industrial,,,9
PARAFUSO SEXTAVADO M4X14,UN,Industrial,,,9
"PÁRA-RAIOS DISTRIBUIÇÃO, TENSÃO NOMINAL DESCARGA 10,2KV, CORRENTE NOMINAL 10KA, FREQUÊNCIA NOMINAL 60HZ",UN,Industrial,,,10
PASTA AZUL PRUSSIA,UN,Industrial,,,42
PASTA FLUXO PARA SOLDA,UN,Industrial,,,8
PASTA LIMPEZA CX 24 UN 300 GR,UN,Industrial,,,15
PASTA PARA LIMPEZA,UN,Industrial,,,56
PASTA POLIONDA COLOR 4CM,UN,Industrial,,,80
PASTILHA,UN,Industrial,,,1
PASTILHA INTERC. SECODEX,UN,Industrial,,,2
PASTILHAS INTERCAMBIÁVEIS METAL DURO,UN,Industrial,,,125
PE DE CABRA,UN,Industrial,,,3
PEDRA ESMERIL MEDIA,UN,Industrial,,,5
PEDRA Nº 1,M3,Industrial,,,6
PERFIL ACO CARBONO EM U 2 X 1 X 3/1,UN,Industrial,,,11
PERFIL BORRACHA VEDAÇÃO PORTA,UN,Industrial,,,11
"PERFIL G 5 x 2 x 2,00 mm AÇO SAE 1020",UN,Industrial,,,2
PICARETA,UN,Industrial,,,2
PINÇA,UN,Industrial,,,30
PINCEL,UN,Industrial,,,5
PINO AÇO CARBONO C/ REDUÇÃO 1/4 x 2,UN,Industrial,,,136
PINO ACOPLAMENTO,UN,Industrial,,,2
PINO CAB LIMÃO 5/8 COM ARRUELA,UN,Industrial,,,24
PINO CAB LIMÃO 5/8 x 2 1/4 COM ARRUELA,UN,Industrial,,,5
PINO CAB LIMÃO 9/16 x 2 1/4 COM ARRUELA,UN,Industrial,,,5
PINO GUIA TRAVA 3/16 x 1,UN,Industrial,,,16
PINO GUINDASTE,UN,Industrial,,,2
PINO MACHO,UN,Industrial,,,40
PIRES XICARA CAFE OFICIAIS/SUBOFICIAIS/SARGENTOS,UN,Industrial,,,4
PISTAO CONJUNTO,UN,Industrial,,,1
PISTOLA JATO,UN,Industrial,,,1
PISTOLA PINTURA,UN,Industrial,,,0
"PI0029721 PARAF ACO GALVANIZADO 3,5 mm x 25 mm CAB CHATA C/ FENDA 5305 CH",UN,Industrial,,,27
PLACA AMIANTO 1 x 1 m x 1/2,UN,Industrial,,,1
PLACA CEGA 4X2,UN,Industrial,,,324
"PLACA DE ACRÍLICO 1,00M x 2,00M x 4,00mm",UN,Industrial,,,1
PLACA DE SINALIZAÇÃO,UN,Industrial,,,24
PLAFON LED EMBUTIR QUADRADO 25W,UN,Industrial,,,20
PLAFONIER PÁLSTICO 150W 220V,UN,Industrial,,,59
PLUG BIPOLAR,UN,Industrial,,,10
PLUG FEMEA UNIVERSAL,UN,Industrial,,,26
PLUG MACHO 2 PINOS CILINDRICOS,UN,Industrial,,,6
"PLUG PADRAO MACHO COR BRANCA, TIPO PINO REDONDO REF. 1501.102, 10 AMP. X 250 V.",UN,Industrial,,,10
PLUG RF 10 MONO,UN,Industrial,,,2
PLUG RJ-11 PARA TELEFONE,UN,Industrial,,,17
PLUG 2P 10 AMP,UN,Industrial,,,51
PLUGUE INDUSTRIAL TRIFÁSICO 3P 63A,UN,Industrial,,,2
PLUGUE MACHO 2P 10A,UN,Industrial,,,27
"POLIESTER EM FOLHA 0,20",UN,Industrial,,,60
POLY POL PVC 100 x 50 mm SOLDAVEL,UN,Industrial,,,20
PONTEIRO,UN,Industrial,,,1
PORACA B34 PARA REFRIGERAÇÃO,UN,Industrial,,,3
PORCA AÇO CARBONO SEXTAVADA 3/16 24 FIOS,UN,Industrial,,,12
PORCA AÇO GALVANIZADO AUTO TRAVANTE 7/16,UN,Industrial,,,3
PORCA AÇO INOX SEXTAVADO 3/4 10 FIOS,UN,Industrial,,,204
PORCA ALUMINIO 2 1/2,UN,Industrial,,,8
PORCA BORBOLETA EM AÇO INOX 5/16 18 FIOS,UN,Industrial,,,8
PORCA FG-SEXT-RW 1 POL,UN,Industrial,,,37
PORCA FLANGE,UN,Industrial,,,10
PORCA INOX,UN,Industrial,,,312
PORCA IN-SEXT-RW 5/16 POL,UN,Industrial,,,80
PORCA LATAO SEXTAVADA ROSCA W DIAM 1/2POL 13FIOS,UN,Industrial,,,60
PORCA LATAO SEXTAVADA RW 3/8 POL,UN,Industrial,,,34
PORCA LATÃO SEXTAVADA 1/4 20 FIOS,UN,Industrial,,,154
PORCA LATÃO SEXTAVADA 3/16 24 FIOS,UN,Industrial,,,3
PORCA LATÃO SEXTAVADO 5/8 11 FIOS,UN,Industrial,,,7
PORCA QUADRADA AUTOTRAVANTE,UN,Industrial,,,153
PORCA QUADRADA PLANA,UN,Industrial,,,205
PORCA SEXTAVADA,UN,Industrial,,,5
PORCA 1/2,UN,Industrial,,,29
PORCA 1/4 UNC,UN,Industrial,,,50
PORCA 5/16,UN,Industrial,,,3
PORTA FUSIVEL,UN,Industrial,,,2
"PORTA LISA EM COMPENSADO 2,10 M X",UN,Industrial,,,1
"PORTA LISA 2,10 X 0,80",UN,Industrial,,,3
PORTA TOALHA,UN,Industrial,,,4
POSTE DE CONCRETO CIRCULAR 11/300 DAN,UN,Industrial,,,1
POSTE DE CONCRETO CIRCULAR 11/600 DAN,UN,Industrial,,,2
POSTE DE CONCRETO DUPLO 11/300 DAN,UN,Industrial,,,1
PREGO COMUM DE AÇO S/CAB. TAM 15X15,UN,Industrial,,,13
PREGO DE FERRO C/ CABEÇA 13 X 15,KG,Industrial,,,31
PREGO DE FERRO C/ CABEÇA 15 X 15,KG,Industrial,,,1
PREGO DE FERRO C/ CABEÇA 17 X 21,KG,Industrial,,,9
PREGO DE FERRO 10X10,KG,Industrial,,,9
PREGO DE FERRO 12 X 12 C/ CABEÇA,KG,Industrial,,,3
PREGO DE FERRO 17 x 21 C/ CABEÇA,KG,Industrial,,,22
PREGO DE FERRO 18 x 24 COM CABEÇA,UN,Industrial,,,9
PREGO FERRO 17 X 21,UN,Industrial,,,6
PREGO 18 X 27,KG,Industrial,,,34
PREGO 19 X 36,KG,Industrial,,,24
PREGO 22 x 42 COM CABEÇA,KG,Industrial,,,24
PRENSA CABO,UN,Industrial,,,43
PRENSA CABO DE ACO GALVANIZADO DE 3/8,UN,Industrial,,,9
PRENSA CABO PLASTICO 3/8,UN,Industrial,,,5
PRENSA EM ALUMINIO P/CABO DE 1,UN,Industrial,,,12
PRENSA EM ALUMINIO P/CABO DE 1/2,UN,Industrial,,,20
PRENSA EM ALUMINIO P/CABO DE 3/4,UN,Industrial,,,28
"PRESSOSTATO, ALTA E BAIXA PRESSAO",UN,Industrial,,,1
PRISIONEIRO AÇO CARBONO 1/2 x 1 1/2,UN,Industrial,,,30
PRISIONEIRO AÇO INOX 1/2 x 2,UN,Industrial,,,32
PRISIONEIRO AÇO INOX 1/2 x 3,UN,Industrial,,,7
PRISIONEIRO AÇO INOX 3/8 x 1 1/2,UN,Industrial,,,234
PROCESSADOR DE COMBUSTÍVEL (DIESEL PRO),UN,Industrial,,,1
PROTETOR,UN,Industrial,,,11
PROTETOR AURICULAR TIPO CONCHA,UN,Industrial,,,2
PROTETOR FACIAL,UN,Industrial,,,30
PROTETOR SOLAR FATOR 50,UN,Industrial,,,66
PROTETOR TERMICO MOTOR,UN,Industrial,,,2
PURGADOR TD 52 600 PSI 3/4,UN,Industrial,,,1
QUADRADO DE ANGELIM PEDRA 40 X 20 X 120 CM,UN,Industrial,,,20
QUADRADO DE JATOBÁ 20 x 10 x 250 cm,UN,Industrial,,,10
QUADRADO DE JATOBÁ 40 x 10 x 120 cm,UN,Industrial,,,15
QUADRADO DE JATOBÁ 40 x 20 x 120 cm,UN,Industrial,,,15
QUADRO COMANDO COM FLANGE 600MM X 450MM X 220MM,UN,Industrial,,,3
QUADRO COMANDO 480MM X 380MM X 220MM,UN,Industrial,,,1
QUADRO DE COMANDO FUNDO LARANJA 300x200x200mm,UN,Industrial,,,9
QUADRO DE COMANDO 400 C 300 C 200 MM,UN,Industrial,,,6
QUADRO ELETRICO PARA 16 DJUNTORES COM BARRAMENTO,UN,Industrial,,,10
QUADRO ELETRICO 300MM X 500MM X 500MM,UN,Industrial,,,2
QUEROSENE,UN,Industrial,,,32
RASPA,UN,Industrial,,,16
REATOR ELETRONICO DE 1X20W,UN,Industrial,,,137
REATOR ELETRONICO DE 2X40W,UN,Industrial,,,106
REATOR MULTI VAPOR METALICO 150W 220V,UN,Industrial,,,12
REATOR P/ LAMPADA QHI 220V VAPOR METALICO,UN,Industrial,,,1
REATOR PARA LAMPADA DE VAPOR 250 W,UN,Industrial,,,42
REATOR VAPOR SÓDIO 400W/220V 60HZ,UN,Industrial,,,12
REBITE ALUMINIO GESIPA 1/8 POL X 3/4 POL,KG,Industrial,,,20
REBITE POP DE ALUMINIO 3/16 X 1,CX,Industrial,,,1
REBITE POP DE 4mm x 16 mm,CX,Industrial,,,5
REBITE POP 1/8 x 3/16,CX,Industrial,,,1
"REBITE POP 4,0 x 08",CX,Industrial,,,2
REBITE REPUXO 40X21,UN,Industrial,,,3
REBITE REPUXO 48X22,CX,Industrial,,,3
REBITES POP. EM ALUMINIO,UN,Industrial,,,4
RECEPTACULO BASE E-40,UN,Industrial,,,9
RECEPTACULO P/ LAMPADA FLUOR,UN,Industrial,,,50
REDUÇÃO POLY POL PVC 150 x 100 mm,UN,Industrial,,,3
REDUÇAO ROSCA 3/4 X 1/2,UN,Industrial,,,2
REFRIGERANTE R134,UN,Industrial,,,6
REGISTRO DE ESFERA PVC 20MM,UN,Industrial,,,13
REGISTRO DE ESFERA 1/2,UN,Industrial,,,19
REGISTRO DE ESFERA 25MM SOLDAVEL,UN,Industrial,,,7
Registro de gaveta 1 POLEGADAS,UN,Industrial,,,7
REGISTRO DE GAVETA 1 1/2,UN,Industrial,,,64
REGISTRO GAVETA LATÃO 2 1/2,UN,Industrial,,,28
REGISTRO GAVETA 2,UN,Industrial,,,8
REGISTRO GAVETA 3/4,UN,Industrial,,,21
REGISTRO METALICO 1 1\4,UN,Industrial,,,4
REGISTRO PVC ESFERA SOLD 32 mm,UN,Industrial,,,5
REGISTRO 3/8,UN,Industrial,,,3
REGUA TRANSPARENTE 30 CM,UN,Industrial,,,4
REGULADOR DE AR,UN,Industrial,,,2
REGULADOR DE PRESSÃO,UN,Industrial,,,2
REGULADOR PRESSÃO,UN,Industrial,,,2
RELÉ FOTOELÉTRICO 220V/1000 / 1800W,UN,Industrial,,,10
RELE PARTIDA VOLTIMETRICO,UN,Industrial,,,3
RELE TEMPO ELETRONICO,UN,Industrial,,,8
RELE 12V 10A 125 VAC,UN,Industrial,,,7
RELE 28 VDC 10A 125 VAC24V,UN,Industrial,,,4
REPARO CILINDRO FREIO,UN,Industrial,,,8
REPARO MANGUEIRA,UN,Industrial,,,22
REPARO VALVULA,UN,Industrial,,,96642
RESISTOR 390 OHMS 5W,UN,Industrial,,,2
RESPIRADOR DESCARTAVEL,UN,Industrial,,,251
Respirador facial inteiro,UN,Industrial,,,3
RETENTOR BOMBA,UN,Industrial,,,2
RETENTOR GUINDASTE,UN,Industrial,,,1
RISCADOR TIPO CANETA,UN,Industrial,,,25
RODO BORRACHA,UN,Industrial,,,54
ROLAMENTO,UN,Industrial,,,8
ROLAMENTO COD. 6310ZZ,UN,Industrial,,,1
ROLAMENTO ESFER 314 Z,UN,Industrial,,,3
ROLAMENTO ESFERA,UN,Industrial,,,10
ROLAMENTO HCH 6005 ZZ,UN,Industrial,,,1
ROLAMENTO REF SKF 6303ZZ,UN,Industrial,,,2
ROLAMENTO 6001 ZZ,UN,Industrial,,,2
ROLAMENTO 6007 ZZ,UN,Industrial,,,2
ROLAMENTO 6008 ZZ,UN,Industrial,,,1
ROLAMENTO 6009 ZZ,UN,Industrial,,,3
ROLAMENTO 6010 ZZ,UN,Industrial,,,4
ROLAMENTO 6011 ZZ,UN,Industrial,,,1
ROLAMENTO 6012 ZZ,UN,Industrial,,,8
ROLAMENTO 6202 ZZ,UN,Industrial,,,9
ROLAMENTO 6203 ZZ,UN,Industrial,,,3
ROLAMENTO 6204 ZZ,UN,Industrial,,,10
ROLAMENTO 6206 ZZ,UN,Industrial,,,7
ROLAMENTO 6207 ZZ,UN,Industrial,,,4
ROLAMENTO 6207Z,UN,Industrial,,,2
ROLAMENTO 6208 ZZ,UN,Industrial,,,2
ROLAMENTO 6209 ZZ,UN,Industrial,,,5
ROLAMENTO 6210 ZZ,UN,Industrial,,,2
ROLAMENTO 6211 ZZ,UN,Industrial,,,1
ROLAMENTO 6212 ZZ,UN,Industrial,,,1
ROLAMENTO 6305 ZZ,UN,Industrial,,,5
ROLAMENTO 6306 ZZ,UN,Industrial,,,2
ROLAMENTO 6307 ZZ,UN,Industrial,,,2
ROLAMENTO 6309 ZZ,UN,Industrial,,,2
ROLAMENTO 6311 Z,UN,Industrial,,,1
ROLAMENTO 6312 ZZ,UN,Industrial,,,1
ROLAMENTO 6313 ZZ,UN,Industrial,,,1
ROLAMENTO 6403 ZZ,UN,Industrial,,,5
ROLAMENTO 6404 C3,UN,Industrial,,,2
ROLAMENTO 6404 ZZ,UN,Industrial,,,4
ROLAMENTO 6406 ZZ,UN,Industrial,,,2
ROLAMENTO 6407 ZZ,UN,Industrial,,,1
ROLAMENTO 6409 ZZ,UN,Industrial,,,1
ROLAMENTO 6410 ZZ,UN,Industrial,,,2
ROLETE PARA MAQUINA DE CALCULAR TCE,UN,Industrial,,,19
ROLO DE ESPUMA AZUL 15 CM,UN,Industrial,,,150
ROLO DE ESPUMA 10 cm C/ CABO,UN,Industrial,,,148
ROLO DE ESPUMA 5CM COM CABO -,UN,Industrial,,,125
ROLO DE LÃ 15 CM,UN,Industrial,,,27
ROLO DE LÃ 23 CM,UN,Industrial,,,16
ROLO LA CARNEIRO 230MM,UN,Industrial,,,48
ROTOCHAMBER,UN,Industrial,,,50
SACADOR POLIA,UN,Industrial,,,1
SAPATILHA AÇO CARB.GALV.DIAM 1/4,UN,Industrial,,,22
SAPATILHA AÇO GALVANIZADO 1 POL,UN,Industrial,,,28
SAPATILHA PARA CABO DE AÇO 3/8,UN,Industrial,,,16
SAPATILHO OVAL 1/4IN,UN,Industrial,,,1
SARGENTO Nº4,UN,Industrial,,,13
SARGENTO Nº6,UN,Industrial,,,10
SELANTE PARA TELHAS,UN,Industrial,,,19
SELO MECANICO P/EIXO DE 1 1/4,UN,Industrial,,,1
SELO MECANICO 1/2 POL,UN,Industrial,,,17
SELO MECANICO 3/4 POL,UN,Industrial,,,10
SEPARADOR DE OLEO,UN,Industrial,,,1
SEPARADOR DE ÓLEO,UN,Industrial,,,2
SERRA COPO DIAMANTADA DE 3/4,UN,Industrial,,,5
SERRA COPO DIAMANTADA DE 65mm,UN,Industrial,,,31
SERRA COPO DIAMANTADA DE 75mm,UN,Industrial,,,1
SERRA COPO 1 POL,UN,Industrial,,,1
SERRA COPO 2 POL,UN,Industrial,,,2
SERRA COPO 2 1/2 POL,UN,Industrial,,,4
SERRA P/ ARCO DE SERRA,UN,Industrial,,,3
SIFÃO FLEXÍVEL (SANFONADO UNIVERSAL),UN,Industrial,,,2
SINALIZADOR OTICO,UN,Industrial,,,7
SIRENE,UN,Industrial,,,2
SOLDA AMARELA 1/8,KG,Industrial,,,12
SOLDA DE LATÃO EM VARETA DIAM. 1/8,KG,Industrial,,,15
SOLDA DE LATÃO EM VARETA DIAM.1/4,UN,Industrial,,,5
SOLDA FOSCOPEN 1/8,UN,Industrial,,,5
SOLDA FOSCOUP 1/8 POL,UN,Industrial,,,2
SOLDA FOSKOLP EM VARETA BITOLA 1.5mm 1/16POL,KG,Industrial,,,8
SOLDA PRATA EM VARETA DIAM.1/16,UN,Industrial,,,25
SOLDA PRATA EM VARETA 2MM,KG,Industrial,,,5
SOLDA PRATA 25 X 10MM,KG,Industrial,,,15
SOLENOIDE DESARME DISJUNTOR DE MEDIA,UN,Industrial,,,3
SOLUÇÃO LIMPADORA TIRA LIMO,UN,Industrial,,,20
SOLUÇÃO PARA LIMPEZA DE ALUMÍNIO 500ML,FC,Industrial,,,1
SPRAY PENETRANTE,UN,Industrial,,,6
SUPERVISOR DE REDE TRIFASICO MPS-93,UN,Industrial,,,2
SUPORTE BAQUELITE P/ START,UN,Industrial,,,4
SUPORTE DA ROLDANA TR 4,UN,Industrial,,,2
Suporte de canela 15kV,UN,Industrial,,,49
SUPORTE DO FREIO,UN,Industrial,,,5
SUPORTE FERRAMENTAS TIPO TORNO,UN,Industrial,,,2
SUPORTE P/ AR DE 12000,UN,Industrial,,,11
SUPORTE P/ LIXADEIRA,UN,Industrial,,,3
SUPORTE P/ SPLIT 24000 BTUS,UN,Industrial,,,36
SUPORTE PARA ANDAIME,UN,Industrial,,,4
SUPORTE PARA EXAUSTOR,UN,Industrial,,,1
SUPORTE TRANSFORMADOR,UN,Industrial,,,2
T EM PVC LL DE 50 M,UN,Industrial,,,12
"TABUA CEDRINHO 1,20 x 0,30 x 0,03",UN,Industrial,,,1125
"TABUA CEDRINHO 1,20 x 30 cm x 2,5 cm",UN,Industrial,,,5
TALABARTE DE SALVAMENTO E SEGURANÇA,UN,Industrial,,,15
TAMPA DO TANQUE COMBUSTIVEL KOMBI,UN,Industrial,,,1
TAMPA INSPEÇÃO VISUAL,UN,Industrial,,,6
TAMPA PARA CONDUITE,UN,Industrial,,,22
TAMPAO AÇO GALVANIZADO 1/2 POL,UN,Industrial,,,6
TAMPAO AÇO RS 1/2 POL,UN,Industrial,,,4
TAMPÃO DE FERRO MALEÁVEL GALVANIZADO ROSCADA ROSCA BSP DIÂMETRO 1,UN,Industrial,,,5
TAMPÃO DE FERRO MALEÁVEL GALVANIZADO ROSCADA ROSCA BSP DIÂMETRO 2,UN,Industrial,,,14
TAMPÃO DE FERRO MALEÁVEL NÃO ZINCADO ROSCADA ROSCA BSP DIÂMETRO 3/4,UN,Industrial,,,7
TAMPÃO DE FERRO 3 POL,UN,Industrial,,,7
TAMPÃO DE LATÃO ROSCA BSP 1 1/2.,UN,Industrial,,,109
TAMPAO PVC 2,UN,Industrial,,,1
TAMPÃO PVC 2 1/2,UN,Industrial,,,3
TARUGO SEXTAVADO AÇO INOX POL. 1 1/4,KG,Industrial,,,356
TE AÇO GALVANIZADO 1 1/2 POL RS,UN,Industrial,,,22
TE AÇO GALVANIZADO 2 POL RS,UN,Industrial,,,3
TE DE FERRO 1 1/2,UN,Industrial,,,5
TE DE FERRO 1 1/4,UN,Industrial,,,8
TE de FERRO 2 pol.,UN,Industrial,,,5
TE DE PVC MARROM SOLDAVEL 25MM,UN,Industrial,,,92
TE DE 1 1/4 POR 3/4,UN,Industrial,,,1
TE DE 90 GRAUS DE AÇO FORJADO GALVANIZADO ASTM A-105 GR II SERIE 2000 EXTREMIDADE ROSCADA ROSCA BSP DIÂMETRO 1,UN,Industrial,,,3
TE DE 90 GRAUS DE FERRO MALEAVEL GALVANIZADO EXTREMIDADE ROSCADA ROSCA BSP DIÂMETRO 3/8,UN,Industrial,,,37
TE FERRO GALVANIZADO 1 POL RS,UN,Industrial,,,26
TE PVC 1 1/4 POL X 1 POL,UN,Industrial,,,5
TE PVC 20MM 90° SD,UN,Industrial,,,119
TE PVC 25MM,UN,Industrial,,,10
TE PVC 3/4 POL,UN,Industrial,,,5
TE PVC 75MM,UN,Industrial,,,3
TEE AÇO GALVANIZADO C/ RED. 2 x 1 3/4,UN,Industrial,,,1
TEE AÇO GALVANIZADO 1 1/2,UN,Industrial,,,5
TEE DE COBRE 1 C/ RED 1/2,UN,Industrial,,,13
TEE DE COBRE 1/2,UN,Industrial,,,31
TEE DE COBRE 1/2 C/ RED 3/8,UN,Industrial,,,4
TEE DE COBRE 3/8,UN,Industrial,,,15
TEE PVC 1,UN,Industrial,,,6
TEE PVC 150 mm,UN,Industrial,,,1
TEE PVC 25 mm,UN,Industrial,,,263
TEE PVC 85 mm SOLDAVEL,UN,Industrial,,,2
TELHA CERÂMICA ROMANA,UN,Industrial,,,2281
TERMINAL TUBO,UN,Industrial,,,5
TESTE ELETRICIDADE,UN,Industrial,,,2
TINTA ACRILICA AMARELO OCRE,UN,Industrial,,,1
TINTA ACRILICA BRANCA,UN,Industrial,,,25
TINTA ACRILICA BRANCO GELO,UN,Industrial,,,16
"TINTA ACRÍLICA, COR CINZA",GL,Industrial,,,6
TINTA ALQUIDICA CREME,UN,Industrial,,,9
TINTA AMARELA SPRAY,UN,Industrial,,,11
TINTA AMARELO P/ MARCAÇÃO,UN,Industrial,,,7
TINTA ESMALTE COR AZUL DEL REY,UN,Industrial,,,55
TINTA ESMALTE VERMELHA,GL,Industrial,,,23
TINTA MARROM MANGUE NITROCELULOSE SEMI-BRILHO,GL,Industrial,,,30
TINTA VERDE,UN,Industrial,,,23
TINTA VERDE PANTANO NITROCELULOSE SEMI-BRILHO,GL,Industrial,,,15
TIRA ATERRAMENTO ELETRICO,UN,Industrial,,,6
TOMADA C/ 3 PINOS P/ AR CONDICIONADO,UN,Industrial,,,7
"TOMADA DE EMBUTIR TRES PINOS CHATOS, COR BRANCA, LINHA BERLIN REF. 16322 COM ESPELHO COR CINZA 10 AMP. X 250 V.",UN,Industrial,,,1
TOMADA FEMEA,UN,Industrial,,,116
TOMADA FEMEA DE EMBUTIR C/ ESPELHO,UN,Industrial,,,49
TOMADA FEMEA 2 POLOS + TERRA,UN,Industrial,,,60
"Tomada industrial 16A, 6H, tipo 2P + T, 220V",UN,Industrial,,,1
TOMADA INDUSTRIAL 2P 20A,UN,Industrial,,,17
TOMADA INDUSTRIAL 3 PINOS 440V,UN,Industrial,,,2
TOMADA MACHO COM 2P E 1T,UN,Industrial,,,57
TOMADA SIMPLES DE EMBUTIR 10A /250V,UN,Industrial,,,17
TOMADA TRIPOLAR,UN,Industrial,,,4
TOMADA 2 POLOS + TERRRA 20A,UN,Industrial,,,222
TOMADA 2P SIMPLES 10A250V,UN,Industrial,,,31
TOMADA 2P+T 10A,UN,Industrial,,,708
TORNEIRA LAVATORIO DE 1/2 POL,UN,Industrial,,,27
TORNO BANCADA,UN,Industrial,,,1
TORQUIMETRO,UN,Industrial,,,1
TRANSFORMADOR COMANDO,UN,Industrial,,,6
TRAVA ARANHA AÇO GALVANIZADO 2,UN,Industrial,,,2
TRAVA PARA FITA METÁLICA 15 MM,UN,Industrial,,,45
TRENA DE AÇO COM 15M,UN,Industrial,,,13
TRILHO,UN,Industrial,,,5
TRINCHA DE 3 POL,UN,Industrial,,,8
TRINCHA Nº 3,UN,Industrial,,,80
TRINCHA Nº 4,UN,Industrial,,,5
TRINCHA PARA PINTURA DE 1 POL.,UN,Industrial,,,395
TRINCHA PARA PINTURA DE 2 POL.,UN,Industrial,,,220
TRINCHA 1 POL,UN,Industrial,,,2
TRINCO PORTA,UN,Industrial,,,1
TUBO AÇO GALVANIZADO 1/2,UN,Industrial,,,3
TUBO AÇO GALVANIZADO 2 SEM COSTURA,UN,Industrial,,,42
TUBO AÇO GALVANIZADO 3/4,KG,Industrial,,,29.5
TUBO ALUMINIO,UN,Industrial,,,50
"TUBO ALUMINIO REDONDO LIGA 6005 T6C DIAMETRO EXTERNO 1/2 POL POL X 2,38MM X 6000MM",UN,Industrial,,,1
TUBO CAPILAR P/ REFRIGERAÇÃO 3mm,UN,Industrial,,,4
TUBO COBRE,UN,Industrial,,,8
TUBO DE ACO CARBONO RETANGULAR,UN,Industrial,,,4
TUBO DE AÇO GALVANIZADO 2 1/2,UN,Industrial,,,4
TUBO DE PVC DE 40MM,UN,Industrial,,,1003
TUBO ELETRODUTO DE PVC 2 POL,UN,Industrial,,,3
TUBO ESPONJOSO ISOLAMENTO TERMICO 1 POL,UN,Industrial,,,4
TUBO ESPONJOSO ISOLAMENTO TERMICO 1/2 POL,UN,Industrial,,,432
TUBO ESPONJOSO ISOLAMENTO TERMICO 7/8 POL,UN,Industrial,,,70
TUBO ISOLANTE ¼,UN,Industrial,,,8
TUBO PVC RIGIDO 32MM,UN,Industrial,,,17
TUBO PVC RIGIDO 50MM,UN,Industrial,,,2
Tubo pvc soldável 32mm c/ 6 mt,UN,Industrial,,,126
TUBO PVC 25MM SOLDÁVEL,UN,Industrial,,,105
TUBO PVC 3/4 POL,UN,Industrial,,,2
TUBO RIGIDO 20MM PVC,ME,Industrial,,,57
TURBOTOCHE COMPLETO COM MAÇARICO,UN,Industrial,,,3
UNIÃO DE BRONZE DE ENCAIXE DIÂMETRO 1/2,UN,Industrial,,,12
UNIÃO DE FERRO GALVANIZADO ANIZADO 1,UN,Industrial,,,7
UNIÃO DE FERRO GALVANIZADO ANIZADO 1.1/4,UN,Industrial,,,1
UNIÃO DE FERRO GALVANIZADO 1 1/2,UN,Industrial,,,12
UNIÃO DE FERRO GALVANIZADO 2,UN,Industrial,,,2
UNIÃO DE FERRO MALEÁVEL GALVANIZADO EXTREMIDADE ROSCADA ROSCA BSP DIÂMETRO 1/2,UN,Industrial,,,16
UNIÃO DE FERRO MALEÁVEL GALVANIZADO,UN,Industrial,,,9
UNIÃO DE FERRO MALEÁVEL GALVANZIADO EXTREMIDADE ROSCADA ROSCA BSP DIÂMETRO 3/8,UN,Industrial,,,8
UNIÃO DE FERRO 1,UN,Industrial,,,9
UNIÃO DE FERRO 1/2,UN,Industrial,,,1
UNIÃO DE FERRO 3/4,UN,Industrial,,,1
UNIÃO DE PVC DE 32 MM SOLDÁVEL,UN,Industrial,,,5
UNIÃO DE PVC 1,UN,Industrial,,,3
UNIDADE SENSORA,UN,Industrial,,,1
VALVULA AGULHA 3/4,UN,Industrial,,,5
VALVULA ASPIRAÇÃO,UN,Industrial,,,1
VÁLVULA DE ESFERA 1/2 IN,UN,Industrial,,,1
VÁLVULA DE FECHAMENTO RÁPIDO AÇO INOX 1,UN,Industrial,,,5
VALVULA DE PRESSAO DE ACOPLAMENTO,UN,Industrial,,,1
VALVULA DE REFRIGERAÇÃO PARA TRABALHO DE,UN,Industrial,,,3
Sun Feb 01 2026 00:00:00 GMT-0400 (Amazon Standard Time),UN,Industrial,,,6
VÁLVULA DE RETENCAO BRONZE 1/2 POL R.,UN,Industrial,,,1
VÁLVULA DE RETENCAO DE 3 POL FERRO FUND.,UN,Industrial,,,1
VÁLVULA DE RETENÇÃO HORIZONTAL BRONZE 2,UN,Industrial,,,1
VÁLVULA DE RETENÇÃO HORIZONTAL GLOBO EM BRONZE FUNDIDO ASTM B-62 ROSCADA ROSCA BSP 3/4,UN,Industrial,,,2
VÁLVULA DE RETENÇÃO HORIZONTAL GLOBO EM BRONZE FUNDIDO ASTM B-62 150 LIBRAS C/VEDAÇÃO DISCO CONICO BRONZE C/TAMPA EXTREMIDADE ROSCADA ROSCA BSP 1.1/2,UN,Industrial,,,11
VALVULA DE RETENÇAO PARA MACARICO,UN,Industrial,,,11
VÁLVULA DE RETENÇÃO PORTINHOLA EM BRONZE FUNDIDO ASTM B-62 150 LIBRAS C/VEDAÇÃO DISCO INTEGRAL C/HASTE E TAMPA EXTREMIDADE ROSCADA ROSCA BSP 1/2,UN,Industrial,,,3
VÁLVULA DE RETENÇÃO PORTINHOLA EM BRONZE FUNDIDO ASTM B-62 150 LIBRAS C/VEDAÇÃO DISCO INTEGRAL C/HASTE E TAMPA ROSCADA EXTREMIDADE ROSCADA ROSCA BSP 1.1/4,UN,Industrial,,,1
VÁLVULA DE RETENÇÃO VERT. T MIPEL 3/4,UN,Industrial,,,6
VÁLVULA DE RETENCAO 2 1/2 EM BRONZE,UN,Industrial,,,5
VALVULA ESFERA,UN,Industrial,,,56
VÁLVULA ESFERA AÇO INOX 1,UN,Industrial,,,2
VÁLVULA ESFERA AÇO INOX 1 ½,UN,Industrial,,,1
VÁLVULA ESFERA AÇO INOX 1/2,UN,Industrial,,,3
VÁLVULA ESFERA AÇO INOX 3/4,UN,Industrial,,,6
VALVULA ESFERA 1 1/2,UN,Industrial,,,22
VALVULA ESFERA 1IN,UN,Industrial,,,1
VALVULA ESFERA 2 1/2,UN,Industrial,,,5
VÁLVULA FECHAMENTO RÁPIDO AÇO INOX 1/4,UN,Industrial,,,4
VALVULA FILTRO HIDRAULICO,UN,Industrial,,,1
VALVULA GAVETA,UN,Industrial,,,7
VÁLVULA GAVETA AÇO INOX 2,UN,Industrial,,,1
VALVULA GAVETA BRONZE 1 POL FLANGE 108MM X 93MM CASTELO ROSCADA,UN,Industrial,,,4
VÁLVULA GAVETA BRONZE 1 1/2 ROSCÁVEL,UN,Industrial,,,5
VÁLVULA GAVETA BRONZE 2 ½,UN,Industrial,,,3
VALVULA GAVETA STD FERRO FUNDIDO,UN,Industrial,,,5
VÁLVULA GAVETA 1,UN,Industrial,,,1
VALVULA GAVETA 2,UN,Industrial,,,4
VÁLVULA GAVETA 3,UN,Industrial,,,3
VALVULA GLOBO ANGULAR BRONZE 1 1/2 POL 90GR EXTREMIDADE ROSCADA,UN,Industrial,,,8
VALVULA GLOBO BRONZE 1 POL DISTANCIA DO FLANGE 123MM DIAMETRO 115MM CASTELO ROSCADA,UN,Industrial,,,7
VALVULA GLOBO BRONZE 2 POL FL 165MM X 155MM,UN,Industrial,,,2
VÁLVULA GVT RSC INTERNA 1 1/2 IN,UN,Industrial,,,3
VALVULA P/ FOGÃO INDUSTRIAL,UN,Industrial,,,10
VÁLVULA REGISTRO GAVETA 1.1/2,UN,Industrial,,,17
VALVULA REGULADORA P/ REFRIGERAÇAO 1,UN,Industrial,,,13
VÁLVULA RETENÇÃO,UN,Industrial,,,5
VALVULA RETENÇAO VERTICAL 1,UN,Industrial,,,3
VALVULA SCHRADER,UN,Industrial,,,12
VALVULA SERVIÇO ENTRADA GAS 1/2,UN,Industrial,,,1
VALVULA SERVO HIDRAULICA,UN,Industrial,,,1
VÁLVULA TIPO GAVETA BRONZE C/FLANGE DIÂMETRO 2,UN,Industrial,,,3
VÁLVULA TIPO GAVETA EM BRONZE FUNDIDO ASTM B-62 150 LIBRAS C/VEDAÇÃO ASCENDENTE EXTREMIDADE ROSCADA ROSCA BSP 1 ESMERRILHADA CASTELO ROSCADO HASTE LATÃO LAMINADO NÃO,UN,Industrial,,,5
VÁLVULA TIPO GAVETA EM BRONZE FUNDIDO ASTM B-62 150 LIBRAS C/VEDAÇÃO ESMERRILHADA CASTELO ROSCADO HASTE LAMINADA NÃO ASCENDENTE EXTREMIDADE FLANGEADA 1/2,UN,Industrial,,,2
VÁLVULA TIPO GAVETA FERRO FUNDIDO ASTM A- 126 CLA 150 LIBRAS C/VEDAÇÃO ESMERRILHADA DE AÇO CARBONO CASTELO FLANGEADO HASTE AÇO INOX ASCENDENTE ROSCA EXTERNA EXTREMIDADE FLANGEADA C/RESSALTO 3,UN,Industrial,,,2
VÁLVULA TIPO GAVETA 1 1/2,UN,Industrial,,,2
VÁLVULA TIPO GAVETA 3/4,UN,Industrial,,,9
VÁLVULA TIPO GLOBO ANGULAR 90 GRAUS DE BRONZE FUNDIDO ASTM B-62 150 LIBRAS C/VEDAÇÃO DISCO CONICO BRONZE CASTELO ROSCADO HASTE LATÃO LAMINADO ASCENDENTE EXTREMIDADE FLANGEADA 4,UN,Industrial,,,1
VÁLVULA TIPO GLOBO BRONZE 2,UN,Industrial,,,3
VÁLVULA TIPO GLOBO EM BRONZE FUNDIDO ASTM B-62 150 LIBRAS C/VEDAÇÃO DISCO CONICO BRONZE CASTELO ROSCADO HASTE LATÃO LAMINADO ASCENDENTE EXTREMIDADE ROSCADA ROSCA BSP 2.1/2,UN,Industrial,,,1
VÁLVULA TIPO GLOBO TP MIPEL 3/4,UN,Industrial,,,4
VÁLVULA TIPO GLOBO 1/2,UN,Industrial,,,3
VASELINA SOLIDA,UN,Industrial,,,18
VEDA JUNTA,UN,Industrial,,,122
VENTILADOR,UN,Industrial,,,4
VENTOINHA,UN,Industrial,,,1
VERGALHÃO AÇO LISO 3/8,UN,Industrial,,,3
VERGALHAO REDONDO DE LATÃO NAVAL 1/8,UN,Industrial,,,30
VERNIZ BRILHO ACABAMENTO,UN,Industrial,,,19
VISOR DE UMIDADE 3/8,UN,Industrial,,,1
VISOR LIQUIDO 5/8 POL,UN,Industrial,,,2
VOLTÍMETRO 72 x 72mm ANALÓGICO 0-500V,UN,Industrial,,,3
WEB CAM,UN,Industrial,,,1
"ZARCÃO PARA FERRO (3,6 LI)",UN,Industrial,,,5
ZKIT BROCA ALTA ROTAÇÃO CILINDRICA INTEGRADA,UN,Industrial,,,1
"ABRAÇADEIRA NYLON 380MM X 4,8MM",un,Prefeitura,,,980
ADAPTADOR PVC SOLDAVEL 20MM X 1/2 POL,,Prefeitura,,,99
ADAPTADOR PVC SOLDAVEL 25MM X 3/4 POL,,Prefeitura,,,73
ADAPTADOR PVC 32 X 1,,Prefeitura,,,86
ADESIVO,,Prefeitura,,,95
ADESIVO EPOXI ESTRUTURAL,,Prefeitura,,,4
ADESIVO INSTANTÂNEO MULTIUSO,,Prefeitura,,,27
AGUARRAS,,Prefeitura,,,54
AGUARRÁS,,Prefeitura,,,65
ALGICIDA CHOQUE DE 1LT,,Prefeitura,,,3
ALICATE CORTE DIAGONAL 6IN,,Prefeitura,,,9
ALICATE UNIVERSAL 8IN,,Prefeitura,,,1
ANCINHO 16 DENTES COM CABO DE MADEIRA 145CM,,Prefeitura,,,53
ANEL DE VEDAÇÃO,,Prefeitura,,,38
ANEL DE VEDAÇÃO PARA VASO SANITÁRIO,,Prefeitura,,,28
AREIA LAVADA,,Prefeitura,,,11
ARGAMASSA,,Prefeitura,,,37
ARGAMASSA P/ EXTERIOR SC/20KG,,Prefeitura,,,22
ARGAMASSA P/ INTERIOR SC/20KG,,Prefeitura,,,18
ARGAMASSA PARA EXTERIOR/INTERIOR,,Prefeitura,,,10
ARMARIO PARA BANHEIRO DE SOBREPOR,,Prefeitura,,,12
ASPIRADOR P/ PISCINA,UN,Prefeitura,,,5
AVENTAL SOLDA,UN,Prefeitura,,,29
AZULEJO BRANCO 33 x 25 cm,UN,Prefeitura,,,18
AZULEJO CINZA 10 x 10 cm,UN,Prefeitura,,,1649
BANDEJA,UN,Prefeitura,,,53
BARRILHA LEVE,KG,Prefeitura,,,17
BOTAO ACIONAMENTO,UN,Prefeitura,,,50
BROCHA PARA PINTURA,UN,Prefeitura,,,12
BUCHA COM PARAFUSO Nº10,UN,Prefeitura,,,0
BUCHA DE REDUÇÃO 3/4 PARA 1/2,UN,Prefeitura,,,31
BUCHA RED ESGOTO 50 x 40mm,UN,Prefeitura,,,119
BUCHA REDUCAO PVC SD 25MM X 20MM,UN,Prefeitura,,,77
BUCHA SOLDAVEL CURTA 32X25,UN,Prefeitura,,,61
CABO DO ACELERADOR TOYOTA,UN,Prefeitura,,,6
"CABO FLEXÍVEL SINGELO 4,00mm",UN,Prefeitura,,,301
CABO FLEXÍVEL 10MM COM 100M,ME,Prefeitura,,,475
CABO FLEXIVEL 6.0 MM AM,UN,Prefeitura,,,209
CAIXA D AGUA 1000 LITROS,UN,Prefeitura,,,46
CAIXA DE DESCARGA EXTERNA,UN,Prefeitura,,,31
CAIXA SIFONADA COMPLETA 150 X 150 M,UN,Prefeitura,,,14
CANTONEIRA METAL,UN,Prefeitura,,,24
CAPUZ ANTIFLASH,UN,Prefeitura,,,30
CARGA DE EXTINTOR DE INCÊNDIO,UN,Prefeitura,,,19
CARRETEL,UN,Prefeitura,,,10
CAVILHA DE MADEIRA,UN,Prefeitura,,,70
CERA LÍQUIDA INCOLOR,LA,Prefeitura,,,2
CHAPA DE COMPENSADO NAVAL DE VIROLA COM 10 MM,UN,Prefeitura,,,42
CHAPA DE COMPENSADO NAVAL DE VIROLA COM 15MM,UN,Prefeitura,,,95
CHAPA DE COMPENSADO NAVAL EM PINHO COM 5MM,UN,Prefeitura,,,49
CHAPA DE COMPENSADO 10 MM,UN,Prefeitura,,,55
CHAPA DE COMPENSADO 6MM,UN,Prefeitura,,,62
CIMENTO COMUM 50KG,SC,Prefeitura,,,21
CIMENTO 50 kg,UN,Prefeitura,,,12
CLORIFICANTE FLOCULANTE,UN,Prefeitura,,,174
COLA CONTATO 1/4,LA,Prefeitura,,,14
COLHER DE PEDREIRO 6,UN,Prefeitura,,,1
COLHER DE PEDREIRO 9 POL,UN,Prefeitura,,,25
CONECTOR CABO,UN,Prefeitura,,,5
CONECTOR HASTE ATERRAMENTO 5/8 POL,UN,Prefeitura,,,30
CONJUNTO FERRAMENTAS,UN,Prefeitura,,,1
CORANTE AQUACOR CEDRO,UN,Prefeitura,,,20
CORANTE PRETO LIQUIDO,UN,Prefeitura,,,112
CREME PROTETOR BARREIRA PARA PELE BISNAGA 50G,UN,Prefeitura,,,41
CURVA AÇO INOX 6 POL 90°,UN,Prefeitura,,,2
CURVA DE PVC 75 MM,UN,Prefeitura,,,2
CURVA PVC P/COLA DE 90G P/TUBO 20MM,UN,Prefeitura,,,76
CURVA PVC SOLDAVEL 95 mm,UN,Prefeitura,,,92
CURVA PVC 1,UN,Prefeitura,,,1
DESEMPENADEIRA AÇO LISO,UN,Prefeitura,,,9
DESEMPENADEIRA DE MADEIRA 17 X 27CM,UN,Prefeitura,,,20
DESEMPENADEIRA DENTADA,UN,Prefeitura,,,19
DESENTUPIDOR DE VASO SANITÁRIO,UN,Prefeitura,,,3
DISCO DE CORTE DIAMANTADO TURBO,UN,Prefeitura,,,10
DISJUNTOR BIPOLAR 32A,UN,Prefeitura,,,38
DISJUNTOR BIPOLAR 40A,UN,Prefeitura,,,39
DISJUNTOR MONOFÁSICO 15A,KG,Prefeitura,,,33
DISJUNTOR MONOFASICO 20A,UN,Prefeitura,,,38
DISJUNTOR MONOFASICO 25 A,UN,Prefeitura,,,11
DISJUNTOR MONOFASICO 32A,UN,Prefeitura,,,1
DISJUNTOR MONOFASICO 35 A,UN,Prefeitura,,,119
DISJUNTOR MONOFASICO 40A,UN,Prefeitura,,,45
DISJUNTOR MONOFÁSICO 50A,KG,Prefeitura,,,39
DISJUNTOR TERMOMAGNETICO BIPOLAR 16A 220V,UN,Prefeitura,,,5
DISJUNTOR TERMOMAGNETICO BIPOLAR 40A,UN,Prefeitura,,,32
DISJUNTOR UNIPOLAR DIN - 32 A,UN,Prefeitura,,,4
DISJUNTOR UNIPOLAR 40 AMP.,UN,Prefeitura,,,17
DOBRADIÇA EM AÇO 3 1/2,UN,Prefeitura,,,101
DUCHA HIGIÊNICA COMPLETA,UN,Prefeitura,,,36
ELEMENTO FILTRANTE (REFIL) CARVAO ATIVADO PARA PURIFICADORES DE AGUA POLAR SV8000 e SV9000,UN,Prefeitura,,,1
ELIMINADOR DE OLEOSIDADE,UN,Prefeitura,,,43
ENGATE FLEXIVEL 1/2 X 40CM,UN,Prefeitura,,,9
ENGATE FLEXÍVEL 40cm,UN,Prefeitura,,,56
ENXADA GRANDE,UN,Prefeitura,,,15
ESCOVA ACO TIPO COPO,UN,Prefeitura,,,6
ESMALTE BRILHANTE AMARELO,GL,Prefeitura,,,25
ESMALTE BRILHANTE AZUL,GL,Prefeitura,,,40
ESMALTE BRILHANTE VERMELHO,GL,Prefeitura,,,12
"ESMALTE PRETO 3,6L",UN,Prefeitura,,,8
ESMALTE SINTETICO,GL,Prefeitura,,,11
ESMALTE SINTETICO BRILHANTE CINZA,BU,Prefeitura,,,11
ESPAÇADOR PLÁSTICO,PA,Prefeitura,,,34
ESPATULA INOX,UN,Prefeitura,,,2
ESPÁTULA METAL 10 CM CABO PLÁSTICO,UN,Prefeitura,,,16
ESPATULA NYLON PRT 25125/100 TRMONTINA,UN,Prefeitura,,,9
ESPONJA DE ACO P/LIMPEZA,PA,Prefeitura,,,53
EXTENCAO,UN,Prefeitura,,,3
Extensor Pintura Telescópico 3m,UN,Prefeitura,,,6
FECHADURA BICO DE PAPAGAIO CONCHA,UN,Prefeitura,,,14
FECHADURA EXTERNA,UN,Prefeitura,,,1
FECHADURA INTERNA,UN,Prefeitura,,,4
FILTRO COMBUSTIVEL CAMINHAO,UN,Prefeitura,,,1
FILTRO DE LINHA COM 4 TOMADAS,UN,Prefeitura,,,1
FITA CREPE 19MM X 50 MM,UN,Prefeitura,,,1
FITA ZEBRADA P/ ISOLAMENTO 70 X 200,UN,Prefeitura,,,7
FLANGE PVC 1/2,UN,Prefeitura,,,6
GRELHA ROTATIVA INOX QUADRADA 10 X,UN,Prefeitura,,,57
INTERRUPTOR PARALELO COM TAMPA PARA CONDULETE 3/4 POL.,UN,Prefeitura,,,88
INTERRUPTOR SIMPLES C/ TAMPA PARA CONDULETE 3/4 POL.,UN,Prefeitura,,,52
"INTERRUPTOR SIMPLES DE EMBUTIR, VERTICAL, UNIPOLAR 10 AMP",UN,Prefeitura,,,99
INTERRUPTOR SIMPLES EMBUTIR,UN,Prefeitura,,,130
INTERRUPTOR (1 SEÇÃO),UN,Prefeitura,,,310
JOELHO,UN,Prefeitura,,,108
JOELHO DE PVC DE 25 MM SOLDAVEL AG,UN,Prefeitura,,,173
JOELHO DE 90 GRAUS DE REDUÇÃO DE BRONZE ROSCADO ROSCA BSP EXTREMIDADE ROSCADA ROSCA BSP DIÂMETRO 1 X 3/4,UN,Prefeitura,,,63
JOELHO ESGOTO DN 75,RL,Prefeitura,,,46
JOELHO PVC DE 32MM,UN,Prefeitura,,,7
JOELHO PVC REDUÇÃO 3/4 PARA 1/2,UN,Prefeitura,,,27
JOELHO PVC 1,UN,Prefeitura,,,79
JOELHO PVC 1/2,UN,Prefeitura,,,10
JOELHO PVC 2POL,UN,Prefeitura,,,4
JOELHO PVC 50 MM PARA ESGOTO,UN,Prefeitura,,,2
JOELHO SOLD 32MM,UN,Prefeitura,,,56
JOELHO SOLDAVEL 25MM,UN,Prefeitura,,,80
JOELHO SOLDAVEL 25/20 LISO,UN,Prefeitura,,,34
JOELHO 90º,UN,Prefeitura,,,50
JOGO BROCA,UN,Prefeitura,,,13
JOGO DE BROCAS PARA CONCRETO,UN,Prefeitura,,,14
JOGO DE BROCAS PARA METAL,UN,Prefeitura,,,24
KIT COMPLETO BACIA ACOPLADA ASPEN DECA BRANCO,UN,Prefeitura,,,15
KIT REPARO CAIXA ACOPLADA,UN,Prefeitura,,,74
KIT VALVULA DESCARGA,UN,Prefeitura,,,16
"LÂMPADA BULBO LED 10W, BASE E27",UN,Prefeitura,,,77
LÂMPADA ELETRÔNICA COMPACTA 20W 220V,UN,Prefeitura,,,1
LAMPADA FLUORESCENTE 20W 127V,UN,Prefeitura,,,20
Lâmpada halogena 127V 150W,UN,Prefeitura,,,16
LAMPADA LED ALTO BRILHO BRANCO,UN,Prefeitura,,,1
LAMPADA LED BULBO 9 WATTS BRANCA QUENTE,UN,Prefeitura,,,159
LAMPADA LED BULBO 9w,UN,Prefeitura,,,214
LIMA CHATA BASTARDINHA,UN,Prefeitura,,,1
LINHA DE NYLON CINZA NR 40,RO,Prefeitura,,,8
LINHA EM NAYLON PARA PEDREIRO,UN,Prefeitura,,,26
LIXA D AGUA 600,UN,Prefeitura,,,78
LIXA MASSA NR 100,UN,Prefeitura,,,81
LIXA MASSA NR 80,FL,Prefeitura,,,198
LONA PLASTICA FORRADA,UN,Prefeitura,,,1
LUMINARIA TETO FOCO DIRIGIDO,UN,Prefeitura,,,173
LUSTRA MÓVEIS 200ml,FC,Prefeitura,,,86
LUVA PVC DE CORRER DE 1/2 POL,UN,Prefeitura,,,14
LUVA PVC DE CORRER DE 3/4 POL,UN,Prefeitura,,,31
LUVA PVC DE CORRER 60MM,UN,Prefeitura,,,51
LUVA PVC SOLDAVEL 20MM,UN,Prefeitura,,,63
LUVA PVC SOLDAVEL 25MM X 3/4 POL,UN,Prefeitura,,,35
LUVA PVC 1,UN,Prefeitura,,,75
LUVA PVC 1/2 POL,UN,Prefeitura,,,31
LUVA PVC 25X20 SOLDAVEL,UN,Prefeitura,,,47
LUVA PVC 32X25 SOLDAVEL,UN,Prefeitura,,,93
LUVA ROSCADA,UN,Prefeitura,,,40
LUVA ROSCAVEL PVC BRANCO 3/4 POL.,UN,Prefeitura,,,10
LUVA VALVULA TANQUE,UN,Prefeitura,,,99
MAÇANETA PARA COMPARTIMENTO,UN,Prefeitura,,,67
MANGUEIRA AGUA FRIA,ME,Prefeitura,,,49
MANGUEIRA CRISTAL 1 1/2,ME,Prefeitura,,,47
MANGUEIRA EXTINTOR,UN,Prefeitura,,,17
MANGUEIRA EXTINTOR CO2,UN,Prefeitura,,,22
MANGUEIRA FLEXÍVEL,ME,Prefeitura,,,31
MANGUEIRA P/ MEDIÇÃO DE NIVEL,ME,Prefeitura,,,18
MARTELO UNHA,UN,Prefeitura,,,8
MASCARA CIRUGICA DESCARTAVEL,UN,Prefeitura,,,633
Máscara respirador descartável,UN,Prefeitura,,,961
MASSA PLASTICA,UN,Prefeitura,,,38
MASSA PLASTICA 500 GRAMAS,UN,Prefeitura,,,24
NIPLE DE PVC 1 1/2,UN,Prefeitura,,,17
NIPLE DE PVC 1/2,UN,Prefeitura,,,40
NIPLE PVC 1,UN,Prefeitura,,,61
NIPLE PVC 1/2 POL RS,UN,Prefeitura,,,9
NIPLE PVC 3/4,UN,Prefeitura,,,12
OCULOS PROTETOR SOLDA,UN,Prefeitura,,,28
OLEO LUBRIFICANTE SAE 499,UN,Prefeitura,,,1
PÁ PARA CONTRUÇÃO,UN,Prefeitura,,,4
PAPEL HIGIÊNICO FOLHA DUPLA,PA,Produto de limpeza,,,94
PARAF. COM BUCHA S-6,UN,Prefeitura,,,919
PARAFUSO FENDA 5/16 X 1/2PG,UN,Prefeitura,,,123
PARAFUSO P/ VASO SANITARIO Nº 10,UN,Prefeitura,,,62
PARAFUSO PARA FIXAR VASO SANITÁRIO,UN,Prefeitura,,,6
PARAFUSO PARA TELHA 5/16X110,UN,Prefeitura,,,605
PARAFUSO PARA VASO SANITÁRIO,UN,Prefeitura,,,18
PARAFUSOS CABEÇA CHATA,UN,Prefeitura,,,82
PEÇA DE CARRETEL,UN,Prefeitura,,,16
PIA DE AÇO INOX C/ UMA CUBA CENTRAL,UN,Prefeitura,,,56
PINCEL CHATO 13 X 40MM,UN,Prefeitura,,,33
PINCEL Nº 02,UN,Prefeitura,,,62
PISO CERAMICA,M2,Prefeitura,,,23
PISO CERAMICO 20 X 30,UN,Prefeitura,,,20
"PORTA DE CEDRO 0,60 X 2,10",UN,Prefeitura,,,2
"PORTA LISA EM COMPENSADO 2,10 x 60 x 3,5 CM",UN,Prefeitura,,,17
"PORTA LISA EM COMPENSADO 2,10 x 70 x 3,5 CM",UN,Prefeitura,,,59
"PORTA LISA EM COMPENSADO 2,10 x 80 x 3,5 CM",UN,Prefeitura,,,36
PORTA PARA DIVISÓRIA EM MDF,UN,Prefeitura,,,1
PREGO,UN,Prefeitura,,,7
PREGO COMUM DE AÇO S/CAB. TAM 10X10,UN,Prefeitura,,,28
PREGO COMUM DE AÇO S/CAB. TAM 12X12,UN,Prefeitura,,,13
PREGO DE AÇO 17X27 KG,UN,Prefeitura,,,2
PREGO DE FERRO 18 x 36 C/ CABEÇA P/ TELHA,KG,Prefeitura,,,53
PREGO 22 x 48 COM CABEÇA,UN,Prefeitura,,,53
PROTETOR PARA ASSENTO SANITARIO,UN,Prefeitura,,,2
PRUMO 80CM,UN,Prefeitura,,,2
QUADRO DISJUNTOR P/12 DISJUNTORES,UN,Prefeitura,,,14
QUADRO DISTRIBUIÇAO SOBREPOR PVC CDST 16 PADRAO DIN 12UL,UN,Prefeitura,,,20
RALO,UN,Prefeitura,,,130
REAGENTE CL-OT,UN,Prefeitura,,,1
REDUÇAO PVC SOLD 40 X 25 MM,UN,Prefeitura,,,2
REGISTRO DE GAVETA 3/4,UN,Prefeitura,,,8
REGISTRO DE PRESSÃO,UN,Prefeitura,,,15
REGISTRO DE PRESSÃO 1/2,UN,Prefeitura,,,37
REGISTRO DE PRESSÃO 3/4,UN,Prefeitura,,,139
REGUA DE ALUMINIO 3M,UN,Prefeitura,,,7
REGUA MAQUINISTA,UN,Prefeitura,,,4
REJUNTE BRANCO,UN,Prefeitura,,,65
REMOVEDOR DE TINTA,UN,Prefeitura,,,2
REPARO DE VÁLVULA DE DESCARGA 1 1/2,UN,Prefeitura,,,7
RESINA,UN,Prefeitura,,,17
RESISTENCIA TIPO BAINHA 1KW 440V,UN,Prefeitura,,,2
"RESISTENCIA TUBOLAR CIRCULAR 2,5 KW 440V",UN,Prefeitura,,,2
RESISTENCIA TUBULAR,UN,Prefeitura,,,1
REVESTIMENTO,UN,Prefeitura,,,542
"RIPA DE CEDRO DE PRIMEIRA APAR. 0,050 X 0,010M",UN,Prefeitura,,,41
ROLO DE ESPUMA PARA PINTURA 23CM COM CABO -,UN,Prefeitura,,,57
ROLO DE LA,UN,Prefeitura,,,97
ROLO DE LA DE 9 CM,UN,Prefeitura,,,37
ROLO DE LÃ 9 CM,UN,Prefeitura,,,195
ROLO ESPUMA 15CM,UN,Prefeitura,,,228
ROLO ESPUMA 9 CM,UN,Prefeitura,,,28
SABAO EM PO 500 gr,SC,Prefeitura,,,19
SACO P/LIXO 30LI,UN,Prefeitura,,,269
SELANTE SILICONE,UN,Prefeitura,,,90
SIFAO,UN,Prefeitura,,,100
SIFAO AÇO CROMADO 3/4 POL X 1 POL,UN,Prefeitura,,,48
SIFAO P/ PIA 1 1/2 POL,UN,Prefeitura,,,38
SOLUÇÃO ÁGUA TURVA,UN,Prefeitura,,,1
SPOT BRANCO EMBUTIR,UN,Prefeitura,,,28
SPUDY PARA SANITARIO,UN,Prefeitura,,,28
"TABUA DE IPE TABACO DE PRIMEIRA APAR. 0,30 X 0,030M",UN,Prefeitura,,,5
TALHADEIRA,UN,Prefeitura,,,1
TAMPÃO DE PVC 1/2,UN,Prefeitura,,,112
TAMPÃO DE PVC 3/4,UN,Prefeitura,,,186
TANQUE,UN,Prefeitura,,,3
TANQUE DE LOUÇA DE 22 LITROS,UN,Prefeitura,,,1
Tê de pvc soldavel 32 mm,UN,Prefeitura,,,100
TE DE PVC 100X100mm,UN,Prefeitura,,,1
TE DE PVC 75X50mm,UN,Prefeitura,,,3
TE DE 90 GRAUS DE PVC EXTREMIDADE ROSCADA ROSCA BSP DIÂMETRO 1,UN,Prefeitura,,,144
TE DE 90 GRAUS DE PVC EXTREMIDADE ROSCADA ROSCA BSP DIÂMETRO 1/2,UN,Prefeitura,,,108
TE PVC 1/2 POL RS,UN,Prefeitura,,,100
TE 3/4 PVC,UN,Prefeitura,,,229
TEE PVC ROSCAVEL 1 1/4,UN,Prefeitura,,,2
TEE PVC 1 1/4,UN,Prefeitura,,,182
TEE PVC 50 mm,UN,Prefeitura,,,145
TELHA FIBROCIMENTO OND. 366CM X 110CM 6MM,UN,Prefeitura,,,22
TELHA OND. FIB. 244 X 110CM ESP. 6,UN,Prefeitura,,,7
"TELHA TRAPEZOIDAL 900 x 3000 x 0,43 mm AÇO ZINCADO",UN,Prefeitura,,,289
TIJOLO,UN,Prefeitura,,,401
TIJOLO REFRATARIO FORMATO ESPECIAL,UN,Prefeitura,,,500
TINTA ACRÍLICA CINZA PISO,GL,Prefeitura,,,3
TINTA ACRÍLICA SEMIBRILHO BRANCO GELO,GL,Prefeitura,,,48
TINTA AZUL,GL,Prefeitura,,,7
TINTA CINZA,BU,Prefeitura,,,2
TINTA CINZA PISO,GL,Prefeitura,,,38
TINTA ESMALTE AMARELA,UN,Prefeitura,,,1
TINTA ESMALTE AZUL,UN,Prefeitura,,,6
"TINTA ESMALTE BRILHO BRANCO 3,6l",UN,Prefeitura,,,70
"TINTA ESMALTE BRILHO VERMELHO 3,6l",GL,Prefeitura,,,15
TINTA ESMALTE GELO,UN,Prefeitura,,,55
TINTA ESMALTE PRETO,UN,Prefeitura,,,9
"TINTA ESMALTE SINTETICO BRILHANTE GELO EM GALOES DE 3,6 LITROS",UN,Prefeitura,,,2
TINTA ESMALTE SINTÉTICO PRETO BRILHANTE,UN,Prefeitura,,,9
"TINTA ESMALTE SINTETICO 3,6 LT (MARROM)",GL,Prefeitura,,,15
TINTA PRETA,GL,Prefeitura,,,18
TINTA PRETO SPRAY 600º,UN,Prefeitura,,,9
TINTA SPRAY OURO TIPO COLORJET,UN,Prefeitura,,,9
TINTA THINNER DILUENTE,GL,Prefeitura,,,3
TINTA VERMELHA,LI,Prefeitura,,,6
TINTA ZARCAO,UN,Prefeitura,,,138
TOMADA FÊMEA P/TELEFONE,UN,Prefeitura,,,14
TOMADA TRIFASICA P/ AR,UN,Prefeitura,,,5
TOMADA 3 PINOS CHATOS 20A/250V,UN,Prefeitura,,,67
TORNEIRA CROMADA PARA PIA 1 /2 OU 3/4,UN,Prefeitura,,,105
TORNEIRA CROMADA 1/2 OU 3/4,UN,Prefeitura,,,24
TORNEIRA DE LAVATÓRIO 1/2,UN,Prefeitura,,,13
TORNEIRA JARDIM 1/2 POL,UN,Prefeitura,,,13
TORNEIRA PARA LAVATORIO 3/4,UN,Prefeitura,,,41
TORNEIRA TIPO BOIA DE 1/2 POL C/ HASTE,UN,Prefeitura,,,22
TORQUES DE ARMADOR 12,UN,Prefeitura,,,2
TRANQUETAS,UN,Prefeitura,,,5
TRINCHA DE ½ POL.,UN,Prefeitura,,,0
TUBO,UN,Prefeitura,,,20
TUBO AÇO SEM COSTURA 5 POL,UN,Prefeitura,,,1
TUBO DE PVC RIGIDO EXT. ROSCADA 3/4,UN,Prefeitura,,,5
TUBO DE PVC SOLDAVEL 1/2,ME,Prefeitura,,,152
TUBO DESCARGA COMPLETO 40 mm,UN,Prefeitura,,,104
TUBO ESGOTO 40 VARA 6m,UN,Prefeitura,,,19
TUBO ESGOTO 50 VARA 6m,UN,Prefeitura,,,20
TUBO PVC ESGOTO 50 mm,UN,Prefeitura,,,93
TUBO PVC RIGIDO 20MM,UN,Prefeitura,,,15
TUBO PVC RIGIDO 25MM,UN,Prefeitura,,,15
TUBO PVC 100MM SOLDÁVEL,UN,Prefeitura,,,102
TUBO PVC 1/2 POL,UN,Prefeitura,,,174
TUBO PVC 20MM SOLDÁVEL,UN,Prefeitura,,,85
TUBO PVC 60 mm,UN,Prefeitura,,,25
UNIÃO DE PVC DE 1 ROSCÁVEL,UN,Prefeitura,,,2
UNIÃO DE PVC DE 25 MM SOLDÁVEL,UN,Prefeitura,,,50
UNIÃO DE PVC DE 40 MM SOLDÁVEL,UN,Prefeitura,,,16
UNIÃO DE PVC 1/2,UN,Prefeitura,,,62
UNIÃO DE PVC 3/4,UN,Prefeitura,,,22
UNIAO PVC MARROM SOLDAVEL 60MM,UN,Prefeitura,,,1
UNIAO PVC SD 20,UN,Prefeitura,,,18
UNIÃO ROSCÁVEL PVC 3,UN,Prefeitura,,,10
VALVULA DE DESCARGA P/ MICTÓRIO 1/2,UN,Prefeitura,,,17
VALVULA DE ESFERA DE ACO ASTM A-216 500 LBS PASSAGEM PLENA ESFERA ACO INOxASTM A-351 FLANGES DIN-2532 DIAMNOM20MM,UN,Prefeitura,,,10
VALVULA DE ESFERA DE ACO CARBONO ALAVANCA DE FERRO MALEAVEL PASSAGEM PLENA BIPARTIDA 150 LBS CN BR-0150686,UN,Prefeitura,,,14
VALVULA DE ESFERA MOD V16 CORPO ACO CARB FORJ ESFERA E HASTE ACO INOxAISI-304 SEDE E GUARN EM TEFLON ExTREM AMSI-B-165 ROSCA BSP COMANDO POR ALAV 0 127MM BR 0039438,UN,Prefeitura,,,4
VÁLVULA DE ESFERA 3/4 IN,UN,Prefeitura,,,8
VALVULA DE RETENÇÃO,UN,Prefeitura,,,3
VALVULA DE RETENÇÃO ANGULAR DE BRONZE 100 PSI DISCO CONICO E TAMPA ROSCADA DN34POL,UN,Prefeitura,,,2
VALVULA DESCARGA,UN,Prefeitura,,,6
VALVULA ESCOAMENTO,UN,Prefeitura,,,461
VÁLVULA TIPO GAVETA 1,UN,Prefeitura,,,14
VALVULA 4 VIAS - LAK,UN,Prefeitura,,,2
VASO SANITÁRIO CAIXA ACOPLADA,UN,Prefeitura,,,1
VASSOURA PIACAVA,UN,Prefeitura,,,17
VERGALHAO REDONDO DE ACO INOX POLI 1/4,UN,Prefeitura,,,31
"VERNIZ GALAO 3,6 LITROS",UN,Prefeitura,,,27
VERNIZ SINTETICO BRILHANTE,UN,Prefeitura,,,28
VIGA DE PEROBA 6 X 12CM,UN,Prefeitura,,,72
CAPA PLASTICA PARA ENCADENAÇÃO PRETA,UN,Escritório,,,40
CAPA PLASTICA PARA ENCADERNAÇÃO AZUL,UN,Escritório,,,30
CAPA PLÁSTICA PARA ENCADERNAÇÃO A-4 AZUL,UN,Escritório,,,30
COLA PLASTICA BRANCA 90 GRAMAS,UN,Escritório,,,49
FITA DUPLA FACE,UN,Escritório,,,29
CAPA PLÁSTICA PARA ENCADERNAÇÃO,UN,Escritório,,,30
APONTADOR DE LAPIS,UN,Escritório,,,200
LAPIS,UN,Escritório,,,3600
