id,setor,titulo,setor_requisitante,nome_arquivo,url_arquivo,status,criado_em,transmitido_em,aprovado_encarregado_em,aprovado_imediato_em,ultima_acao,itens,registrado_no_estoque_em
LIB-1788977042215,40,1489410000,,BFLA_20260909_PedidoInterno.pdf,https://drive.google.com/file/d/1jMbiFgPoHQOBGsgW_UDW0gibknJyQdkg/view?usp=drivesdk,Liberados,2026-09-09T14:04:00,2026-09-10T10:25:00,2026-09-10T10:31:00,2026-09-10T10:32:00,Recusado pelo Imediato em 10/09/26 10:30,"[{""produto"":""SACO PLASTICO 100LT"",""qtd"":100}]",2026-09-11T09:32:00
LIB-1788977764550,40,1489431000,,BFLA_20260909_PedidoInterno-2.pdf,https://drive.google.com/file/d/1ZnyogE4CavF2JWZEKKqGBvC2n9M00kfJ/view?usp=drivesdk,Liberados,2026-09-09T14:16:00,2026-09-10T10:25:00,2026-09-10T10:31:00,2026-09-10T10:33:00,,"[{""produto"":""TINTA BRANCO NEVE"",""qtd"":1}]",2026-09-11T10:53:00
LIB-1788978099939,40,1489439000,,BFLA_20260909_PedidoInterno-3.pdf,https://drive.google.com/file/d/1fcuJ4OPkACnN6_oMEaDn4JdTKO-VwQOo/view?usp=drivesdk,Liberados,2026-09-09T14:21:00,2026-09-10T10:26:00,2026-09-10T10:31:00,2026-09-10T10:33:00,,"[{""produto"":""VASSOURA PIACAVA"",""qtd"":2},{""produto"":""PANO LIMPEZA"",""qtd"":3}]",2026-09-15T09:58:00
LIB-1789052664140,10,1489926000,gabinete,BFLA_20260910_PedidoInterno.pdf,https://drive.google.com/file/d/1O8bi4EYZCxQ6AD8HZ7NHKuuHYeO_impc/view?usp=drivesdk,Liberados,2026-09-10T11:04:00,2026-09-10T11:07:00,2026-09-10T11:09:00,2026-09-10T11:12:00,"Retirada registrada no Registro, porém sem baixa de estoque para os itens não encontrados na aba Estoque: POLIDOR DE METAIS 200ML, SABONETE LIQUIDO REFIL 800ML, DESINFETANTE EUCALIPTO 5 LITROS","[{""produto"":""ALCOOL ETILICO"",""qtd"":3},{""produto"":""PANO LIMPEZA"",""qtd"":5},{""produto"":""POLIDOR DE METAIS 200ML"",""qtd"":1},{""produto"":""SABONETE LIQUIDO REFIL 800ML"",""qtd"":2},{""produto"":""PAPEL A4 BRANCO 210X297 RESMA DE 500"",""qtd"":1},{""produto"":""SACO PLASTICO 100LT"",""qtd"":30},{""produto"":""DESINFETANTE EUCALIPTO 5 LITROS"",""qtd"":2},{""produto"":""PAPEL HIGIÊNICO FOLHA DUPLA"",""qtd"":2},{""produto"":""SACO PLASTICO 40LT"",""qtd"":50}]",2026-09-15T14:14:00
LIB-1789481310225,40,1491529000,Manutenção e Limpeza da OM/ Mestre,BFLA_20260915_PedidoInterno-1.pdf,https://drive.google.com/file/d/113_YPp26nG4AzLECzX3gw1GrJMVxLGOG/view?usp=drivesdk,Liberados,2026-09-15T10:08:00,2026-09-15T11:13:00,2026-09-15T13:34:00,2026-09-15T13:35:00,"Retirada registrada no Registro, porém sem baixa de estoque para os itens não encontrados na aba Estoque: DESINFETANTE EUCALIPTO 5 LITROS","[{""produto"":""SACO PLASTICO 100LT"",""qtd"":100},{""produto"":""DESINFETANTE EUCALIPTO 5 LITROS"",""qtd"":1},{""produto"":""PANO LIMPEZA"",""qtd"":3},{""produto"":""PAPEL A4 BRANCO 210X297 RESMA DE 500"",""qtd"":1}]",2026-09-15T14:09:00
LIB-1789492734742,30,1491598000,pedido para a contabilidade e sala de estado,BFLA_20260915_PedidoInterno-1.pdf,https://drive.google.com/file/d/10mfxaI_UI0715V63K-9LDNQ9I3FdTN0n/view?usp=drivesdk,Liberados,2026-09-15T13:18:00,2026-09-15T13:32:00,2026-09-15T13:35:00,2026-09-15T13:36:00,"Retirada registrada no Registro, porém sem baixa de estoque para os itens não encontrados na aba Estoque: DESINFETANTE EUCALIPTO 5 LITROS","[{""produto"":""SACO PLASTICO 100LT"",""qtd"":10},{""produto"":""ALCOOL ETILICO"",""qtd"":2},{""produto"":""PAPEL A4 BRANCO 210X297 RESMA DE 500"",""qtd"":2},{""produto"":""SACO PLASTICO 40LT"",""qtd"":10},{""produto"":""DESINFETANTE EUCALIPTO 5 LITROS"",""qtd"":1},{""produto"":""CLIPS N 2"",""qtd"":2},{""produto"":""GRAMPEADOR P/PAPEL"",""qtd"":1},{""produto"":""PANO LIMPEZA"",""qtd"":3}]",2026-09-15T14:11:00
LIB-1789501771965,30,1490304000,PARA O PAIOL DE MANTIMENTOS,BFLA_20260915_PedidoInterno-2.pdf,https://drive.google.com/file/d/1gHUivKlTFTReeNSAF6DacK-au4zYKe-2/view?usp=drivesdk,Liberados,2026-09-15T15:49:00,2026-09-15T16:05:00,2026-09-16T10:14:00,2026-09-16T10:15:00,"Retirada registrada no Registro, porém sem baixa de estoque para os itens não encontrados na aba Estoque: SABONETE LIQUIDO REFIL 800ML, NÃO DEVE SER SACO PLASTICO 100LT, DESINFETANTE EUCALIPTO 5 LITROS","[{""produto"":""SABONETE LIQUIDO REFIL 800ML"",""qtd"":2},{""produto"":""NÃO DEVE SER SACO PLASTICO 100LT"",""qtd"":100},{""produto"":""PANO LIMPEZA"",""qtd"":2},{""produto"":""VASSOURA PIACAVA"",""qtd"":2},{""produto"":""PAPEL HIGIÊNICO (PACOTE C/ 04 ROLOS)"",""qtd"":2},{""produto"":""SACO PLASTICO 40LT"",""qtd"":100},{""produto"":""DESINFETANTE EUCALIPTO 5 LITROS"",""qtd"":1}]",2026-09-16T14:01:00
LIB-1789501816835,30,1490305000,PARA A SALA DE MUNICIAMENTO,BFLA_20260915_PedidoInterno.pdf,https://drive.google.com/file/d/1MEJOkuH_rNsavEM7FHWeMNE27N7ntrD6/view?usp=drivesdk,Liberados,2026-09-15T15:50:00,2026-09-15T16:06:00,2026-09-16T10:14:00,2026-09-16T10:15:00,,"[{""produto"":""PAPEL A4 BRANCO 210X297 RESMA DE 500"",""qtd"":2}]",2026-09-18T09:14:00
LIB-1789565699036,20,1492109000,Material de limpeza para Div de Docagem,BFLA_20260916_PedidoInterno.pdf,https://drive.google.com/file/d/1qhBB0FLZLUrNm4c-Qx5P-ixwE98IA8vG/view?usp=drivesdk,Liberados,2026-09-16T09:34:00,2026-09-16T09:35:00,2026-09-16T09:58:00,2026-09-16T09:59:00,"Retirada registrada no Registro, porém sem baixa de estoque para os itens não encontrados na aba Estoque: BALDE AÇO 12LT, NÃO DEVE SER DETERGENTE LIQUIDO NEUTRO, DESINFETANTE EUCALIPTO 5 LITROS, SABONETE LIQUIDO REFIL 800ML, SABÃO EM PÓ 1KG","[{""produto"":""SACO PLASTICO 40LT"",""qtd"":40},{""produto"":""BALDE AÇO 12LT"",""qtd"":1},{""produto"":""NÃO DEVE SER DETERGENTE LIQUIDO NEUTRO"",""qtd"":4},{""produto"":""DESINFETANTE EUCALIPTO 5 LITROS"",""qtd"":2},{""produto"":""ALCOOL ETILICO"",""qtd"":2},{""produto"":""PAPEL HIGIÊNICO (PACOTE C/ 04 ROLOS)"",""qtd"":3},{""produto"":""PANO LIMPEZA"",""qtd"":5},{""produto"":""SABONETE LIQUIDO REFIL 800ML"",""qtd"":3},{""produto"":""SABÃO EM PÓ 1KG"",""qtd"":2},{""produto"":""VASSOURA PIACAVA"",""qtd"":1}]",2026-09-16T13:56:00
LIB-1789566320215,40,1492052000,,pedido interno PNR.pdf,https://drive.google.com/file/d/1UVFHmLEwmRLcR-91bXnEcnB8_Jx2KYSB/view?usp=drivesdk,Liberados,2026-09-16T09:45:00,2026-09-16T09:45:00,2026-09-16T10:13:00,2026-09-16T10:13:00,,"[{""produto"":""PINCEL CHATO 13 X 40MM"",""qtd"":2},{""produto"":""TIJOLO"",""qtd"":150},{""produto"":""NÃO DEVE SER ARGAMASSA"",""qtd"":4},{""produto"":""TINTA ACRÍLICA CINZA PISO"",""qtd"":1},{""produto"":""VASSOURA PIACAVA"",""qtd"":2},{""produto"":""SELADOR"",""qtd"":1},{""produto"":""CIMENTO COMUM 50KG"",""qtd"":1},{""produto"":""TINTA BRANCO NEVE"",""qtd"":1},{""produto"":""ROLO DE ESPUMA 23CM"",""qtd"":4},{""produto"":""TRINCHA DE ½ POL."",""qtd"":3},{""produto"":""PINCEL Nº 02"",""qtd"":2},{""produto"":""MASSA CORRIDA PVA 18LI"",""qtd"":1}]",
LIB-1789566640560,20,1492153000,Material de Limpeza para Oficina de Estruturas Navais,BFLA_20260916_PedidoInterno-1.pdf,https://drive.google.com/file/d/12PfKWuJBOHmZE8S1ugF57-nG5myDtfTX/view?usp=drivesdk,Liberados,2026-09-16T09:50:00,2026-09-16T09:50:00,2026-09-16T09:59:00,2026-09-16T10:00:00,"Retirada registrada no Registro, porém sem baixa de estoque para os itens não encontrados na aba Estoque: SABONETE LIQUIDO REFIL 800ML, NÃO DEVE SER PANO LIMPEZA, DESINFETANTE EUCALIPTO 5 LITROS, SABÃO EM PÓ 1KG","[{""produto"":""SABONETE LIQUIDO REFIL 800ML"",""qtd"":1},{""produto"":""VASSOURA PIACAVA"",""qtd"":1},{""produto"":""NÃO DEVE SER PANO LIMPEZA"",""qtd"":4},{""produto"":""ALCOOL ETILICO"",""qtd"":2},{""produto"":""SACO PLASTICO 40LT"",""qtd"":25},{""produto"":""SACO PLASTICO 100LT"",""qtd"":25},{""produto"":""PAPEL HIGIÊNICO (PACOTE C/ 04 ROLOS)"",""qtd"":6},{""produto"":""DESINFETANTE EUCALIPTO 5 LITROS"",""qtd"":1},{""produto"":""SABÃO EM PÓ 1KG"",""qtd"":3}]",2026-09-18T09:15:00
LIB-1789653173089,40,1492144000,Mestre Roçada do complexo,BFLA_20260917_PedidoInterno.pdf,https://drive.google.com/file/d/1j2mtNcr60CdnSwn2ZC6eiH_J4YMVcH6h/view?usp=drivesdk,Liberados,2026-09-17T09:52:00,2026-09-17T10:40:00,2026-09-17T10:41:00,2026-09-17T10:41:00,,"[{""produto"":""BOBINA DE NYLON - ROÇADEIRA"",""qtd"":1}]",
LIB-1789670647686,30,1493043000,,BFLA_20260917_PedidoInterno.pdf,https://drive.google.com/file/d/1YZogndPYPKVvqO9lU0e7lOfENNW9loKf/view?usp=drivesdk,Liberados,2026-09-17T14:44:00,2026-09-17T15:16:00,2026-09-18T09:20:00,2026-09-18T09:35:00,,"[{""produto"":""PANO LIMPEZA"",""qtd"":5},{""produto"":""NÃO DEVE SER LIMPADOR MULTIUSO"",""qtd"":3},{""produto"":""SACO PLASTICO 100LT"",""qtd"":100},{""produto"":""SACO PLASTICO 40LT"",""qtd"":100},{""produto"":""DESINFETANTE EUCALIPTO 5 LITROS"",""qtd"":1}]",
LIB-1789673320693,40,1493003000,PIM:Prefeitura,BFLA_20260917_PedidoInterno-1.pdf,https://drive.google.com/file/d/1InrsXhM-KyG6SyuCgePeMGGFYHDa6zG2/view?usp=drivesdk,Liberados,2026-09-17T15:28:00,2026-09-17T16:09:00,2026-09-18T09:21:00,2026-09-18T09:35:00,,"[{""produto"":""LIMPADOR MULTIUSO"",""qtd"":1},{""produto"":""DESINFETANTE EUCALIPTO 5 LITROS"",""qtd"":1},{""produto"":""NÃO DEVE SER PÁ PARA LIXO PEQUENA"",""qtd"":1},{""produto"":""PANO LIMPEZA"",""qtd"":3},{""produto"":""SACO PLASTICO 100LT"",""qtd"":50},{""produto"":""PAPEL HIGIÊNICO FOLHA DUPLA"",""qtd"":12},{""produto"":""ALCOOL ETILICO"",""qtd"":2},{""produto"":""SABÃO EM PÓ 1KG"",""qtd"":2},{""produto"":""SACO PLASTICO 40LT"",""qtd"":50}]",
LIB-1789674197418,20,1493060000,,BFLA_20260917_PedidoInterno-2.pdf,https://drive.google.com/file/d/1kvQuCDmskFyLjbpxa2XlQnsQgpLYU28W/view?usp=drivesdk,Liberados,2026-09-17T15:43:00,2026-09-17T15:44:00,2026-09-18T09:22:00,2026-09-18T09:43:00,,"[{""produto"":""DESINFETANTE EUCALIPTO 5 LITROS"",""qtd"":1},{""produto"":""SACO PLASTICO 40LT"",""qtd"":20},{""produto"":""NÃO DEVE SER PAPEL HIGIÊNICO (PACOTE C/ 04 ROLOS)"",""qtd"":1},{""produto"":""PANO LIMPEZA"",""qtd"":2},{""produto"":""ALCOOL ETILICO"",""qtd"":1}]",
LIB-1789674898368,40,1493081000,Alojamento Cabos e Marinheiros Fem,BFLA_20260917_PedidoInterno-2.pdf,https://drive.google.com/file/d/1JryVzkbWcIrnyl6AjaWRPEfp7W5K0xbK/view?usp=drivesdk,Liberados,2026-09-17T15:54:00,2026-09-17T16:09:00,2026-09-18T09:24:00,2026-09-18T09:48:00,,"[{""produto"":""SACO PLASTICO 100LT"",""qtd"":10},{""produto"":""NÃO DEVE SER SACO PLASTICO 40LT"",""qtd"":20},{""produto"":""SABÃO EM PÓ 1KG"",""qtd"":1},{""produto"":""PANO LIMPEZA"",""qtd"":2},{""produto"":""PAPEL HIGIÊNICO FOLHA DUPLA"",""qtd"":12},{""produto"":""LIMPADOR MULTIUSO"",""qtd"":1},{""produto"":""DESINFETANTE EUCALIPTO 5 LITROS"",""qtd"":1},{""produto"":""ALCOOL ETILICO"",""qtd"":1}]",
LIB-1789674989106,40,1493084000,Alojamentos:Cabos e Marinheiros Mas,BFLA_20260917_PedidoInterno-3.pdf,https://drive.google.com/file/d/1FuiTWjF8QSFKvlhyJOYVEmoT4YJ5hkjB/view?usp=drivesdk,Liberados,2026-09-17T15:56:00,2026-09-17T16:09:00,2026-09-18T09:28:00,2026-09-18T09:55:00,,"[{""produto"":""LIMPADOR MULTIUSO"",""qtd"":1},{""produto"":""SACO PLASTICO 100LT"",""qtd"":10},{""produto"":""NÃO DEVE SER SACO PLASTICO 40LT"",""qtd"":20},{""produto"":""PAPEL HIGIÊNICO FOLHA DUPLA"",""qtd"":12},{""produto"":""ALCOOL ETILICO"",""qtd"":1},{""produto"":""PANO LIMPEZA"",""qtd"":2},{""produto"":""DETERGENTE LIQUIDO NEUTRO"",""qtd"":2},{""produto"":""SABÃO EM PÓ 1KG"",""qtd"":2}]",
LIB-1789675448096,40,1493085000,Alojamento:Oficiais Fem,BFLA_20260917_PedidoInterno-4.pdf,https://drive.google.com/file/d/1Ecaoz_VPGWWEcqO5HbsVD7aQFpVpd_b0/view?usp=drivesdk,Liberados,2026-09-17T16:04:00,2026-09-17T16:08:00,2026-09-18T09:29:00,2026-09-18T09:54:00,,"[{""produto"":""LIMPADOR MULTIUSO"",""qtd"":1},{""produto"":""NÃO DEVE SER PANO LIMPEZA"",""qtd"":2},{""produto"":""SACO PLASTICO 100LT"",""qtd"":20},{""produto"":""PAPEL HIGIÊNICO FOLHA DUPLA"",""qtd"":12},{""produto"":""SABÃO EM PÓ 1KG"",""qtd"":2},{""produto"":""SACO PLASTICO 40LT"",""qtd"":20}]",
LIB-1789675690966,40,1493087000,Prefeitura:Escritorio,BFLA_20260917_PedidoInterno-5.pdf,https://drive.google.com/file/d/1g5GkKwQIlRPZTsBBfN-95Q4lkL3THsyC/view?usp=drivesdk,Liberados,2026-09-17T16:08:00,2026-09-17T16:09:00,2026-09-18T09:30:00,2026-09-18T09:54:00,,"[{""produto"":""CANETA ESFEROGRAFICA AZUL"",""qtd"":5},{""produto"":""PAPEL A4 BRANCO 210X297 RESMA DE 500"",""qtd"":1}]",
LIB-1789676744994,30,1493088000,,BFLA_20260917_PedidoInterno-1.pdf,https://drive.google.com/file/d/1dtKOIRqe0MVmhPFfOSVqVkxvTsAw7sDS/view?usp=drivesdk,Liberados,2026-09-17T16:25:00,2026-09-17T16:27:00,2026-09-18T09:33:00,2026-09-18T09:53:00,,"[{""produto"":""LIMPADOR MULTIUSO"",""qtd"":1},{""produto"":""SACO PLASTICO 100LT"",""qtd"":100},{""produto"":""NÃO DEVE SER SACO PLASTICO 40LT"",""qtd"":50},{""produto"":""PANO LIMPEZA"",""qtd"":5},{""produto"":""DESINFETANTE EUCALIPTO 5 LITROS"",""qtd"":1},{""produto"":""ALCOOL ETILICO"",""qtd"":3},{""produto"":""SABONETE LIQUIDO REFIL 800ML"",""qtd"":3}]",
LIB-1789676828463,30,149309000,,BFLA_20260917_PedidoInterno-2.pdf,https://drive.google.com/file/d/1zGjDb7zw-z9Xf5NN2UXr0KgcToqiZx5s/view?usp=drivesdk,Liberados,2026-09-17T16:27:00,2026-09-18T09:18:00,2026-09-18T09:34:00,2026-09-18T09:50:00,"Retirada registrada no Registro, porém sem baixa de estoque para os itens não encontrados na aba Estoque: NÃO DEVE SER PANO LIMPEZA, DESINFETANTE EUCALIPTO 5 LITROS","[{""produto"":""SACO PLASTICO 100LT"",""qtd"":100},{""produto"":""SACO PLASTICO 40LT"",""qtd"":100},{""produto"":""NÃO DEVE SER PANO LIMPEZA"",""qtd"":3},{""produto"":""DESINFETANTE EUCALIPTO 5 LITROS"",""qtd"":1}]",2026-09-23T10:48:00
LIB-1789676971977,30,1493093000,MATERIAL PARA A PADARIA,BFLA_20260917_PedidoInterno-3.pdf,https://drive.google.com/file/d/1J57PK2nWlDrL0h_lW1V0ok7P8EPssdod/view?usp=drivesdk,Liberados,2026-09-17T16:29:00,2026-09-18T09:18:00,2026-09-18T09:34:00,2026-09-18T09:49:00,"Retirada registrada no Registro, porém sem baixa de estoque para os itens não encontrados na aba Estoque: DESINFETANTE EUCALIPTO 5 LITROS","[{""produto"":""SACO PLASTICO 100LT"",""qtd"":100},{""produto"":""SACO PLASTICO 40LT"",""qtd"":100},{""produto"":""PANO LIMPEZA"",""qtd"":3},{""produto"":""DESINFETANTE EUCALIPTO 5 LITROS"",""qtd"":1}]",2026-09-23T13:38:00
LIB-1789742902623,40,1493292000,Alguns materiais que estão disponíveis no estoque não constam no SISBENS.,BFLA_20260918_PedidoInterno.pdf,https://drive.google.com/file/d/1_hhHK6_Ezxlmg0mG2_sMrm4kzI32YZ48/view?usp=drivesdk,Liberados,2026-09-18T10:48:00,2026-09-18T14:00:00,2026-09-18T14:28:00,2026-09-18T14:28:00,"Retirada registrada no Registro, porém sem baixa de estoque para os itens não encontrados na aba Estoque: DESINFETANTE EUCALIPTO 5 LITROS","[{""produto"":""SACO PLASTICO 100LT"",""qtd"":15},{""produto"":""PANO LIMPEZA"",""qtd"":3},{""produto"":""PAPEL HIGIÊNICO FOLHA DUPLA"",""qtd"":2},{""produto"":""DESINFETANTE EUCALIPTO 5 LITROS"",""qtd"":1},{""produto"":""ALCOOL ETILICO"",""qtd"":1}]",2026-09-18T15:01:00
LIB-1790085695094,40,1494280000,Mestre limpeza e manutenção da OM,BFLA_20260922_PedidoInterno.pdf,https://drive.google.com/file/d/1TPbil6FCHt_gxk23YHtE2OPUCNXaxD2G/view?usp=drivesdk,Liberados,2026-09-22T10:01:00,2026-09-22T14:36:00,2026-09-22T14:52:00,2026-09-22T14:53:00,,"[{""produto"":""SACO PLASTICO 100LT"",""qtd"":100}]",2026-09-22T14:55:00
LIB-1790106690059,20,1494613000,,BFLA_20260922_PedidoInterno.pdf,https://drive.google.com/file/d/1ybHCZCV9RurAmIk5wIaPlOKcAlxeu7xt/view?usp=drivesdk,Liberados,2026-09-22T15:51:00,2026-09-22T15:52:00,2026-09-23T09:29:00,2026-09-23T09:30:00,,"[{""produto"":""CHAPA DE COMPENSADO 6MM"",""qtd"":1}]",2026-09-23T09:32:00
LIB-1790107274380,10,1494614000,001 - GABINETE DO COMANDANTE,BFLA_20260922_PedidoInterno.pdf,https://drive.google.com/file/d/1UcyiqTYJdo1BSlTK4XzSLJwfJjJMYcvq/view?usp=drivesdk,Liberados,2026-09-22T16:01:00,2026-09-22T16:05:00,2026-09-22T16:06:00,2026-09-22T16:06:00,,"[{""produto"":""SACO PLASTICO 100LT"",""qtd"":20},{""produto"":""PANO LIMPEZA"",""qtd"":4},{""produto"":""DESINFETANTE EUCALIPTO 5 LITROS"",""qtd"":3}]",
LIB-1790107332334,10,1494582000,001 - GABINETE DO COMANDANTE,BFLA_20260922_PedidoInterno-1.pdf,https://drive.google.com/file/d/1G_wfm0rehDOpIdaQ3iK8R6XbUCqnQ3io/view?usp=drivesdk,Liberados,2026-09-22T16:02:00,2026-09-22T16:07:00,2026-09-22T16:07:00,2026-09-22T16:07:00,"Não foi possível lançar automaticamente no Registro: Quantidade solicitada excede o estoque disponível para: BUCHA COM PARAFUSO Nº10 (disponível: 0, solicitado: 3)","[{""produto"":""BUCHA COM PARAFUSO Nº10"",""qtd"":3}]",
LIB-1790191165738,10,1494920000,,BFLA_20260923_PedidoInterno-4.pdf,https://drive.google.com/file/d/19jqBMXeou8nnHFySC-BhW0Jh2hivM9vK/view?usp=drivesdk,Liberados,2026-09-23T15:19:00,2026-09-23T15:22:00,2026-09-28T11:19:00,2026-09-28T11:20:00,,"[{""produto"":""GRAMPEADOR P/PAPEL"",""qtd"":3},{""produto"":""CLIPS N 2"",""qtd"":2},{""produto"":""PAPEL A4 BRANCO 210X297 RESMA DE 500"",""qtd"":2},{""produto"":""CANETA ESFEROGRAFICA AZUL"",""qtd"":5},{""produto"":""PINCEL MARCA TEXTO AMARELO"",""qtd"":4},{""produto"":""CLIPS N 4"",""qtd"":2}]",
LIB-1790191270744,10,1494911000,,BFLA_20260923_PedidoInterno-3.pdf,https://drive.google.com/file/d/1z6X5-sUqk07q-gc50bhjHhcuahF_aW_O/view?usp=drivesdk,Liberados,2026-09-23T15:21:00,2026-09-23T15:22:00,2026-09-28T11:19:00,2026-09-28T11:20:00,,"[{""produto"":""PAPEL TOALHA BRANCO"",""qtd"":4},{""produto"":""PANO LIMPEZA"",""qtd"":5},{""produto"":""SACO PLASTICO 100LT"",""qtd"":50},{""produto"":""SACO PLASTICO 40LT"",""qtd"":100},{""produto"":""PAPEL HIGIÊNICO (PACOTE C/ 04 ROLOS)"",""qtd"":6},{""produto"":""SABONETE LIQUIDO REFIL 800ML"",""qtd"":4}]",
LIB-1790607030799,40,1496442000,Prefeitura,BFLA_20260928_PedidoInterno-3.pdf,https://drive.google.com/file/d/1MSNzpPGYoSqi7Z8vg_8ukJtEAs-5GHIO/view?usp=drivesdk,Liberados,2026-09-28T10:50:00,2026-09-28T11:21:00,2026-09-28T11:22:00,2026-09-28T11:25:00,,"[{""produto"":""LIMPADOR MULTIUSO"",""qtd"":3},{""produto"":""SACO PLASTICO 100LT"",""qtd"":25},{""produto"":""SACO PLASTICO 40LT"",""qtd"":50},{""produto"":""PAPEL HIGIÊNICO FOLHA DUPLA"",""qtd"":12},{""produto"":""DETERGENTE LIQUIDO NEUTRO"",""qtd"":3},{""produto"":""PANO LIMPEZA"",""qtd"":3},{""produto"":""SABÃO EM PÓ SACO C/ 1 KG"",""qtd"":3}]",
LIB-1790607184180,40,1496434000,Alojamento:Oficiais Fem,BFLA_20260928_PedidoInterno-2.pdf,https://drive.google.com/file/d/19vIqjzx7rr5EFFQdnzUMVsWX7ynfdTM6/view?usp=drivesdk,Liberados,2026-09-28T10:53:00,2026-09-28T11:21:00,2026-09-28T11:23:00,2026-09-28T11:25:00,,"[{""produto"":""LIMPADOR MULTIUSO"",""qtd"":3},{""produto"":""DESINFETANTE EUCALIPTO 5 LITROS"",""qtd"":1},{""produto"":""SACO PLASTICO 40LT"",""qtd"":20},{""produto"":""SACO PLASTICO 100LT"",""qtd"":20},{""produto"":""PAPEL HIGIÊNICO FOLHA DUPLA"",""qtd"":12},{""produto"":""PANO LIMPEZA"",""qtd"":3},{""produto"":""DETERGENTE LIQUIDO NEUTRO"",""qtd"":3},{""produto"":""SABÃO EM PÓ 1KG"",""qtd"":3}]",
LIB-1790607303569,40,1496428000,Alojamento:Cabos e Marinheiros,BFLA_20260928_PedidoInterno-1.pdf,https://drive.google.com/file/d/1taGWqoVGmx1Chm0D_O9iezYSoGpYML1x/view?usp=drivesdk,Liberados,2026-09-28T10:55:00,2026-09-28T11:21:00,2026-09-28T11:24:00,2026-09-28T11:26:00,,"[{""produto"":""SABÃO EM PÓ SACO C/ 1 KG"",""qtd"":3},{""produto"":""DESINFETANTE EUCALIPTO 5 LITROS"",""qtd"":1},{""produto"":""LIMPADOR MULTIUSO"",""qtd"":3},{""produto"":""SABONETE LIQUIDO REFIL 800ML"",""qtd"":1},{""produto"":""PAPEL HIGIÊNICO FOLHA DUPLA"",""qtd"":12},{""produto"":""PANO LIMPEZA"",""qtd"":3},{""produto"":""DETERGENTE LIQUIDO NEUTRO"",""qtd"":3},{""produto"":""SACO PLASTICO 40LT"",""qtd"":30},{""produto"":""SACO PLASTICO 100LT"",""qtd"":30}]",
LIB-1790607404861,40,1496406000,Alojamento:Cabos e Marinheiros Fem,BFLA_20260928_PedidoInterno.pdf,https://drive.google.com/file/d/1MiP769TPkriunfT6sP2XBFwJZBcCvGV-/view?usp=drivesdk,Liberados,2026-09-28T10:56:00,2026-09-28T11:21:00,2026-09-28T11:25:00,2026-09-28T11:26:00,,"[{""produto"":""PAPEL TOALHA BRANCO"",""qtd"":3},{""produto"":""PAPEL HIGIÊNICO FOLHA DUPLA"",""qtd"":12},{""produto"":""ALCOOL ETILICO"",""qtd"":2},{""produto"":""PANO LIMPEZA"",""qtd"":3},{""produto"":""SACO PLASTICO 40LT"",""qtd"":30},{""produto"":""DESINFETANTE EUCALIPTO 5 LITROS"",""qtd"":1},{""produto"":""SABONETE LIQUIDO REFIL 800ML"",""qtd"":1},{""produto"":""DETERGENTE LIQUIDO NEUTRO"",""qtd"":3},{""produto"":""SABÃO EM PÓ 1KG"",""qtd"":3},{""produto"":""SACO PLASTICO 100LT"",""qtd"":20}]",
LIB-1790617721887,30,1491598000,PEDIDO REALIZADO EM 28-09,BFLA_20260928_PedidoInterno.pdf,https://drive.google.com/file/d/1l-WasLTTQAJuVKTzOU7T_Px23RpJP9tT/view?usp=drivesdk,Liberados,2026-09-28T13:48:00,2026-09-28T13:58:00,2026-09-28T19:20:00,2026-09-28T19:20:00,,"[{""produto"":""SACO PLASTICO 100LT"",""qtd"":15},{""produto"":""ALCOOL ETILICO"",""qtd"":2},{""produto"":""PAPEL A4 BRANCO 210X297 RESMA DE 500"",""qtd"":2},{""produto"":""SACO PLASTICO 40LT"",""qtd"":10},{""produto"":""DESINFETANTE EUCALIPTO 5 LITROS"",""qtd"":1},{""produto"":""CLIPS N 2"",""qtd"":2},{""produto"":""GRAMPEADOR P/PAPEL"",""qtd"":1},{""produto"":""PANO LIMPEZA"",""qtd"":4}]",
LIB-1790618035663,30,1496616000,Pedido realizado em 28-09,BFLA_20260928_PedidoInterno-1.pdf,https://drive.google.com/file/d/15kNxh7BAFKVIes3mL5C4EHX6sLcIgYdd/view?usp=drivesdk,Liberados,2026-09-28T13:53:00,2026-09-30T13:58:00,2026-09-30T13:58:00,2026-09-30T13:59:00,,"[{""produto"":""LAPIS PRETO Nº2"",""qtd"":3}]",
LIB-1790707120026,40,1497349000,ETA/ETE,BFLA_20260929_PedidoInterno.pdf,https://drive.google.com/file/d/1Qz76gsKNEgkbLHkRVtO2v-rAvXz98axH/view?usp=drivesdk,Liberados,2026-09-29T14:38:00,2026-09-29T18:04:00,2026-09-29T18:05:00,2026-09-29T18:05:00,"Retirada registrada no Registro, porém sem baixa de estoque para os itens não encontrados na aba Estoque: DESINFETANTE EUCALIPTO 5 LITROS, SABÃO EM PÓ 1KG","[{""produto"":""SACO PLASTICO 100LT"",""qtd"":15},{""produto"":""ALCOOL ETILICO"",""qtd"":2},{""produto"":""DESINFETANTE EUCALIPTO 5 LITROS"",""qtd"":1},{""produto"":""PAPEL HIGIÊNICO (PACOTE C/ 04 ROLOS)"",""qtd"":3},{""produto"":""ESPONJA DE AÇO"",""qtd"":1},{""produto"":""PANO LIMPEZA"",""qtd"":3},{""produto"":""SACO PLASTICO 40LT"",""qtd"":10},{""produto"":""SABÃO EM PÓ 1KG"",""qtd"":2}]",2026-10-01T10:21:00
LIB-1790773999250,20,1497800000,Of. de Docagem,BFLA_20260930_PedidoInterno.pdf,https://drive.google.com/file/d/18_4qWfh3enAFx4B5ugLET_WrVgqyy-U4/view?usp=drivesdk,Liberados,2026-09-30T09:13:00,2026-09-30T09:31:00,2026-09-30T09:32:00,2026-09-30T09:34:00,"Retirada registrada no Registro, porém sem baixa de estoque para os itens não encontrados na aba Estoque: DESINFETANTE EUCALIPTO 5 LITROS, SABÃO EM PÓ SACO C/ 1 KG, SABONETE LIQUIDO REFIL 800ML","[{""produto"":""PAPEL HIGIÊNICO FOLHA DUPLA"",""qtd"":2},{""produto"":""ESPONJA DE AÇO"",""qtd"":2},{""produto"":""DESINFETANTE EUCALIPTO 5 LITROS"",""qtd"":1},{""produto"":""SACO PLASTICO 100LT"",""qtd"":20},{""produto"":""ALCOOL ETILICO"",""qtd"":1},{""produto"":""SABÃO EM PÓ SACO C/ 1 KG"",""qtd"":1},{""produto"":""SABONETE LIQUIDO REFIL 800ML"",""qtd"":2},{""produto"":""PANO LIMPEZA"",""qtd"":5},{""produto"":""SACO PLASTICO 40LT"",""qtd"":30}]",2026-09-30T09:40:00
LIB-1790776061702,10,1497847000,SECOM,BFLA_20260930_PedidoInterno-1.pdf,https://drive.google.com/file/d/1rl8xT0VO7Tyj7oMQfzS-34FfY-3wRYyj/view?usp=drivesdk,Liberados,2026-09-30T09:47:00,2026-09-30T09:48:00,2026-09-30T13:47:00,2026-09-30T13:48:00,,"[{""produto"":""DESINFETANTE EUCALIPTO 5 LITROS"",""qtd"":1},{""produto"":""PANO LIMPEZA"",""qtd"":5},{""produto"":""SACO PLASTICO 100LT"",""qtd"":20},{""produto"":""ALCOOL ETILICO"",""qtd"":3},{""produto"":""LIMPADOR MULTIUSO"",""qtd"":2},{""produto"":""PAPEL TOALHA BRANCO"",""qtd"":2},{""produto"":""SABÃO EM PÓ SACO C/ 1 KG"",""qtd"":1},{""produto"":""SACO PLASTICO 40LT"",""qtd"":50}]",
LIB-1790776172688,10,1497879000,SECOM,BFLA_20260930_PedidoInterno.pdf,https://drive.google.com/file/d/1ZS2TIDnQP56IHwlj1pZ2peA4JgRv5bip/view?usp=drivesdk,Liberados,2026-09-30T09:49:00,2026-09-30T09:49:00,2026-09-30T13:48:00,2026-09-30T13:49:00,,"[{""produto"":""ENVELOPE PARDO 325 X 450MM"",""qtd"":10},{""produto"":""PAPEL A4 BRANCO 210X297 RESMA DE 500"",""qtd"":2},{""produto"":""PAPEL A4 BRANCO 210X297 RESMA DE 500"",""qtd"":2},{""produto"":""CANETA ESFEROGRAFICA AZUL"",""qtd"":5},{""produto"":""LAPIS PRETO Nº2 IMPRESSO"",""qtd"":5},{""produto"":""FITA DUPLA FACE"",""qtd"":2},{""produto"":""ENVELOPE PARDO 162 X 229MM"",""qtd"":10}]",
LIB-1790791793770,10,1498322000,DP,BFLA_20260930_PedidoInterno-1.pdf,https://drive.google.com/file/d/1Ryqsixm40qoBNgrfd0rg9s-ipx6iv0-d/view?usp=drivesdk,Liberados,2026-09-30T14:09:00,2026-10-01T09:35:00,2026-10-01T09:41:00,2026-10-01T09:42:00,,"[{""produto"":""PAPEL A4 BRANCO 210X297 RESMA DE 500"",""qtd"":2},{""produto"":""CANETA ESFEROGRAFICA AZUL"",""qtd"":15}]",
LIB-1790792061063,10,1498322000,DP,BFLA_20260930_PedidoInterno-2.pdf,https://drive.google.com/file/d/1oNjhzj5fX_CFesyzLN6LVMwxwZZHKCm-/view?usp=drivesdk,Liberados,2026-09-30T14:14:00,2026-10-01T09:35:00,2026-10-01T09:42:00,2026-10-01T09:42:00,,"[{""produto"":""LUVA DE BORRACHA LATEX TAMANHO M"",""qtd"":4},{""produto"":""PAPEL TOALHA BRANCO"",""qtd"":4},{""produto"":""PANO LIMPEZA"",""qtd"":5},{""produto"":""PAPEL HIGIÊNICO (PACOTE C/ 04 ROLOS)"",""qtd"":6},{""produto"":""DESINFETANTE EUCALIPTO 5 LITROS"",""qtd"":1},{""produto"":""SABONETE LIQUIDO REFIL 800ML"",""qtd"":5}]",
LIB-1790793949368,40,1498343000,PNR(COMIMSUP),BFLA_20260930_PedidoInterno.pdf,https://drive.google.com/file/d/1b3cXwhS9r-MMTNrccDmvXMmUMCBwdSM4/view?usp=drivesdk,Liberados,2026-09-30T14:45:00,2026-09-30T14:46:00,2026-10-01T09:35:00,2026-10-01T09:40:00,,"[{""produto"":""SACO PLASTICO 100LT"",""qtd"":15},{""produto"":""LIMPADOR MULTIUSO"",""qtd"":3},{""produto"":""ALCOOL ETILICO"",""qtd"":2},{""produto"":""PANO LIMPEZA"",""qtd"":3},{""produto"":""DESINFETANTE EUCALIPTO 5 LITROS"",""qtd"":1},{""produto"":""SABÃO EM PÓ SACO C/ 1 KG"",""qtd"":3},{""produto"":""PAPEL HIGIÊNICO FOLHA DUPLA"",""qtd"":12},{""produto"":""SACO PLASTICO 40LT"",""qtd"":25},{""produto"":""PÁ PARA LIXO PEQUENA"",""qtd"":1}]",
LIB-1790884280827,30,1498726000,Cozinha,BFLA_20261001_PedidoInterno.pdf,https://drive.google.com/file/d/1saLVe0gC9WscF-jQmB830DPuc_ZejDFV/view?usp=drivesdk,Setor,2026-10-01T15:51:00,,,,,"[{""produto"":""SACO PLASTICO 100LT"",""qtd"":200},{""produto"":""PANO LIMPEZA"",""qtd"":10},{""produto"":""LUVA DE BORRACHA LATEX TAMANHO M"",""qtd"":2},{""produto"":""SABONETE LIQUIDO REFIL 800ML"",""qtd"":4},{""produto"":""ALCOOL ETILICO"",""qtd"":5},{""produto"":""SACO PLASTICO 40LT"",""qtd"":100},{""produto"":""DESINFETANTE EUCALIPTO 5 LITROS"",""qtd"":3},{""produto"":""ESPONJA DE AÇO"",""qtd"":10},{""produto"":""PAPEL TOALHA BRANCO"",""qtd"":4},{""produto"":""PÁ PARA CALDEIRÃO EM POLIETILENO 120"",""qtd"":2}]",
LIB-1790884340639,30,1498728000,Cozinha,BFLA_20261001_PedidoInterno-1.pdf,https://drive.google.com/file/d/1HVrAiwL9l3AfQtnOm3tNd9Vrcxlvm6fC/view?usp=drivesdk,Setor,2026-10-01T15:52:00,,,,,"[{""produto"":""PANO LIMPEZA"",""qtd"":10},{""produto"":""DESINFETANTE EUCALIPTO 5 LITROS"",""qtd"":4},{""produto"":""SACO PLASTICO 100LT"",""qtd"":300},{""produto"":""SACO PLASTICO 40LT"",""qtd"":200},{""produto"":""ESPONJA DE AÇO"",""qtd"":10},{""produto"":""SABÃO EM PÓ 1KG"",""qtd"":10}]",
LIB-1790884407155,30,1498729000,Cozinha,BFLA_20261001_PedidoInterno-2.pdf,https://drive.google.com/file/d/18bgJRezDTGYW8YyxRFS24gzedvkW3LOS/view?usp=drivesdk,Setor,2026-10-01T15:53:00,,,,,"[{""produto"":""SABÃO EM PÓ SACO C/ 1 KG"",""qtd"":2},{""produto"":""SACO PLASTICO 100LT"",""qtd"":100},{""produto"":""DESINFETANTE EUCALIPTO 5 LITROS"",""qtd"":1},{""produto"":""PANO LIMPEZA"",""qtd"":5}]",
LIB-1790884460758,30,1498730000,Cozinha,BFLA_20261001_PedidoInterno-3.pdf,https://drive.google.com/file/d/17Qq4eFfIb7CDu7DeJibvkCN_jTV4_hEt/view?usp=drivesdk,Setor,2026-10-01T15:54:00,,,,,"[{""produto"":""SACO PLASTICO 100LT"",""qtd"":100},{""produto"":""SABÃO EM PÓ SACO C/ 1 KG"",""qtd"":5},{""produto"":""DESINFETANTE EUCALIPTO 5 LITROS"",""qtd"":1},{""produto"":""PANO LIMPEZA"",""qtd"":5},{""produto"":""ESPONJA DE AÇO"",""qtd"":4}]",
